observations,centile,subject_ids,CortexVol,Right-Amygdala,Right-Lateral-Ventricle,WM-hypointensities
0,0.05,0,422382.69267882465,1359.432160839272,1484.4814148698051,498.09784893558333
0,0.25,0,468665.11859501863,1579.4806896507523,4095.08147151876,941.561080615819
0,0.5,0,500835.5472790117,1732.4341133966411,5909.6821818818735,1249.8077203787188
0,0.75,0,533005.9759630047,1885.3875371425297,7724.282892244978,1558.0543601416189
0,0.95,0,579288.4018791986,2105.436065954009,10334.882948893932,2001.5175918218554
1,0.05,1,420243.95239747385,1357.7748811369238,1516.951891469118,487.2555880102101
1,0.25,1,466407.36759458366,1579.2434085716222,4200.868625915364,921.442216577875
1,0.5,1,498495.0731763378,1733.1838584626469,6066.430989816154,1223.240786842365
1,0.75,1,530582.778758092,1887.124308353672,7931.993353716955,1525.039357106854
1,0.95,1,576746.1939552019,2108.5928357883695,10615.910088163193,1959.2259856745197
2,0.05,2,414609.16713694675,1332.2209294098898,1490.1823038449475,404.1435203858339
2,0.25,2,461987.31907622254,1566.573847439627,4520.878196611619,828.3642302096047
2,0.5,2,494919.3754230908,1729.470102057158,6627.483115240285,1123.2355949122793
2,0.75,2,527851.431769959,1892.3663566746893,8734.088033868951,1418.1069596149537
2,0.95,2,575229.5837092348,2126.7192747044273,11764.783926635619,1842.3276694387248
3,0.05,3,424990.391003354,1357.7743047108033,1436.074964844227,501.3984154887595
3,0.25,3,471646.34363779926,1577.4437203808782,3981.5491740829602,957.6816523539959
3,0.5,3,504076.40682480705,1730.1336265596271,5750.881591176607,1274.8393432203818
3,0.75,3,536506.4700118147,1882.8235327383763,7520.214008270264,1591.997034086768
3,0.95,3,583162.4226462601,2102.4929484084505,10065.688217508965,2048.2802709520047
4,0.05,4,418487.96846645797,1353.5149179582743,1533.4237542566407,470.7424343953063
4,0.25,4,464742.8316266367,1577.2834422403603,4297.545042952621,898.7297984963437
4,0.5,4,496894.10172809707,1732.822595809673,6218.856751049299,1196.2193250694324
4,0.75,4,529045.3718295575,1888.3617493789857,8140.168459145987,1493.708851642521
4,0.95,4,575300.2349897362,2112.130273661071,10904.289747841967,1921.6962157435582
5,0.05,5,417024.44024810777,1347.359324428186,1534.0692798490127,450.298459928537
5,0.25,5,463539.57086533355,1574.1501417422105,4383.841458529416,874.7749574619636
5,0.5,5,495871.7501456012,1731.7900594897478,6364.6882016511445,1169.8241175180326
5,0.75,5,528203.9294258689,1889.4299772372851,8345.534944772866,1464.8732775741016
5,0.95,5,574719.0600430948,2116.2207945513096,11195.307123453276,1889.3497751075283
6,0.05,6,418487.96846645797,1353.5149179582743,1533.4237542566407,470.7424343953063
6,0.25,6,464742.8316266367,1577.2834422403603,4297.545042952621,898.7297984963437
6,0.5,6,496894.10172809707,1732.822595809673,6218.856751049299,1196.2193250694324
6,0.75,6,529045.3718295575,1888.3617493789857,8140.168459145987,1493.708851642521
6,0.95,6,575300.2349897362,2112.130273661071,10904.289747841967,1921.6962157435582
7,0.05,7,391616.710481061,1327.808073825816,305.48238735544874,161.6653494859761
7,0.25,7,444501.45752919506,1605.6786960668696,4488.1200118858005,815.8934216252734
7,0.5,7,481261.0903639924,1798.8236503173082,7395.427542709473,1270.6404907597657
7,0.75,7,518020.72319878975,1991.968604567746,10302.735073533146,1725.387559894258
7,0.95,7,570905.4702469234,2269.839226808799,14485.37269806349,2379.6156320335504
8,0.05,8,379217.9510917672,1296.0659214668985,2703.47816549062,-614.1328205649345
8,0.25,8,422191.6817297881,1467.3324542512992,8344.369605718084,938.6433749366604
8,0.5,8,452062.2710389763,1586.378024353265,12265.29406461706,2017.9618175360056
8,0.75,8,481932.86034816474,1705.4235944552306,16186.218523516018,3097.280260135354
8,0.95,8,524906.5909861854,1876.690127239631,21827.109963743493,4650.056455636941
9,0.05,9,418487.96846645797,1353.5149179582743,1533.4237542566407,470.7424343953063
9,0.25,9,464742.8316266367,1577.2834422403603,4297.545042952621,898.7297984963437
9,0.5,9,496894.10172809707,1732.822595809673,6218.856751049299,1196.2193250694324
9,0.75,9,529045.3718295575,1888.3617493789857,8140.168459145987,1493.708851642521
9,0.95,9,575300.2349897362,2112.130273661071,10904.289747841967,1921.6962157435582
10,0.05,10,337887.8900514859,1009.5779167774348,1211.065176770554,-233.11032016651006
10,0.25,10,386070.2967272569,1248.430803407172,9205.299655871859,2466.350164444565
10,0.5,10,419561.3821036544,1414.4549389873064,14762.008171080894,4342.71682600825
10,0.75,10,453052.4674800519,1580.4790745674418,20318.716686289954,6219.083487571939
10,0.95,10,501234.8741558228,1819.3319611971765,28312.951165391205,8918.543972183008
11,0.05,11,411026.8894633166,1312.803914677102,1329.8262280650506,343.344179901066
11,0.25,11,459953.4774894261,1559.7658307340284,4627.104570068522,780.1235509997413
11,0.5,11,493961.83551489253,1731.4264675934241,6919.00815232181,1083.7243093958741
11,0.75,11,527970.1935403591,1903.0871044528194,9210.911734575098,1387.3250677920064
11,0.95,11,576896.7815664683,2150.049020509748,12508.190076578572,1824.1044388906826
12,0.05,12,385718.31123650883,1378.4880386777515,1151.561876231779,-315.90886547589025
12,0.25,12,433242.3547192121,1592.335272763217,5883.533953752966,708.7477753002283
12,0.5,12,466275.8187473013,1740.9782416057067,9172.67809952855,1420.9758561565982
12,0.75,12,499309.28277539037,1889.6212104481965,12461.822245304134,2133.2039370129696
12,0.95,12,546833.3262580936,2103.4684445336616,17193.794322825313,3157.860577789082
13,0.05,13,417024.44024810777,1347.359324428186,1534.0692798490127,450.298459928537
13,0.25,13,463539.57086533355,1574.1501417422105,4383.841458529416,874.7749574619636
13,0.5,13,495871.7501456012,1731.7900594897478,6364.6882016511445,1169.8241175180326
13,0.75,13,528203.9294258689,1889.4299772372851,8345.534944772866,1464.8732775741016
13,0.95,13,574719.0600430948,2116.2207945513096,11195.307123453276,1889.3497751075283
14,0.05,14,417024.44024810777,1347.359324428186,1534.0692798490127,450.298459928537
14,0.25,14,463539.57086533355,1574.1501417422105,4383.841458529416,874.7749574619636
14,0.5,14,495871.7501456012,1731.7900594897478,6364.6882016511445,1169.8241175180326
14,0.75,14,528203.9294258689,1889.4299772372851,8345.534944772866,1464.8732775741016
14,0.95,14,574719.0600430948,2116.2207945513096,11195.307123453276,1889.3497751075283
15,0.05,15,418487.96846645797,1353.5149179582743,1533.4237542566407,470.7424343953063
15,0.25,15,464742.8316266367,1577.2834422403603,4297.545042952621,898.7297984963437
15,0.5,15,496894.10172809707,1732.822595809673,6218.856751049299,1196.2193250694324
15,0.75,15,529045.3718295575,1888.3617493789857,8140.168459145987,1493.708851642521
15,0.95,15,575300.2349897362,2112.130273661071,10904.289747841967,1921.6962157435582
16,0.05,16,483093.3586375684,949.6484821975109,-37.960334010753286,-573.9225265641123
16,0.25,16,566283.3654415314,1285.906949824095,2665.51603485123,470.2768122259748
16,0.5,16,624107.866386098,1519.6366828281016,4544.674095425231,1196.0888174403647
16,0.75,16,681932.3673306647,1753.3664158321092,6423.832155999236,1921.9008226547548
16,0.95,16,765122.3741346279,2089.624883458692,9127.308524861217,2966.1001614448396
17,0.05,17,385866.87574358925,1377.7099053942384,875.036928255432,-227.08281378168272
17,0.25,17,434634.5183822789,1604.9198555892126,5511.801040841844,731.9838759755337
17,0.5,17,468532.3951365196,1762.851108204981,8734.7671290621,1398.6210700132
17,0.75,17,502430.27189076034,1920.7823608207495,11957.733217282344,2065.2582640508676
17,0.95,17,551197.9145294499,2147.992311015724,16594.497329868762,3024.3249538080786
18,0.05,18,413478.02858190535,1324.7041452611556,1447.7416153957593,381.561137194995
18,0.25,18,461374.94359134434,1563.2508425009723,4569.796473453767,808.4664445162964
18,0.5,18,494667.5867056997,1729.0621490485503,6739.904050367259,1105.2038447741497
18,0.75,18,527960.2298200551,1894.8734555961285,8910.01162728074,1401.9412450320021
18,0.95,18,575857.144829494,2133.420152835946,12032.066485338748,1828.8465523533027
19,0.05,19,392781.49116997316,1322.9101570564503,343.2025463367463,180.86217877112495
19,0.25,19,445670.6203672208,1601.5342911765647,4479.32810744606,811.615668251879
19,0.5,19,482433.299187892,1795.203003628697,7354.30559096536,1250.0458012631325
19,0.75,19,519195.9780085632,1988.8717160808283,10229.283074484669,1688.4759342743855
19,0.95,19,572085.1072058107,2267.4958502009413,14365.40863559398,2319.2294237551405
20,0.05,20,409700.4902299803,1308.5527697203443,1257.990716287154,327.65004151275957
20,0.25,20,459118.277506527,1559.6105060167426,4638.178575866248,771.4712233563441
20,0.5,20,493468.0629775739,1734.11810455345,6987.711693944225,1079.9666705223651
20,0.75,20,527817.8484486209,1908.625703090157,9337.244812022202,1388.462117688387
20,0.95,20,577235.6357251673,2159.6834393865565,12717.432671601284,1832.2832995319711
21,0.05,21,375923.85886002576,1265.0242311936986,2859.2133096286598,-612.5894355274045
21,0.25,21,418963.12627529725,1438.1013946433732,8783.21166772367,1088.5682355281492
21,0.5,21,448879.2695107763,1558.4055151246075,12900.920775026645,2271.0250850463117
21,0.75,21,478795.41274625534,1678.709635605841,17018.629882329646,3453.4819345644783
21,0.95,21,521834.680161527,1851.7867990555153,22942.62824042463,5154.6396056200265
22,0.05,22,418487.96846645797,1353.5149179582743,1533.4237542566407,470.7424343953063
22,0.25,22,464742.8316266367,1577.2834422403603,4297.545042952621,898.7297984963437
22,0.5,22,496894.10172809707,1732.822595809673,6218.856751049299,1196.2193250694324
22,0.75,22,529045.3718295575,1888.3617493789857,8140.168459145987,1493.708851642521
22,0.95,22,575300.2349897362,2112.130273661071,10904.289747841967,1921.6962157435582
23,0.05,23,417024.44024810777,1347.359324428186,1534.0692798490127,450.298459928537
23,0.25,23,463539.57086533355,1574.1501417422105,4383.841458529416,874.7749574619636
23,0.5,23,495871.7501456012,1731.7900594897478,6364.6882016511445,1169.8241175180326
23,0.75,23,528203.9294258689,1889.4299772372851,8345.534944772866,1464.8732775741016
23,0.95,23,574719.0600430948,2116.2207945513096,11195.307123453276,1889.3497751075283
24,0.05,24,424990.391003354,1357.7743047108033,1436.074964844227,501.3984154887595
24,0.25,24,471646.34363779926,1577.4437203808782,3981.5491740829602,957.6816523539959
24,0.5,24,504076.40682480705,1730.1336265596271,5750.881591176607,1274.8393432203818
24,0.75,24,536506.4700118147,1882.8235327383763,7520.214008270264,1591.997034086768
24,0.95,24,583162.4226462601,2102.4929484084505,10065.688217508965,2048.2802709520047
25,0.05,25,436346.19373185706,1325.415758821502,1197.233379878111,444.27565101380424
25,0.25,25,486174.79089475324,1552.0200851099964,3608.6980024077684,966.7488699924411
25,0.5,25,520810.12600780505,1709.5303749022523,5284.88176173656,1329.9145229961096
25,0.75,25,555445.4611208568,1867.040664694508,6961.065521065355,1693.0801759997787
25,0.95,25,605274.0582837528,2093.644990983002,9372.53014359501,2215.553394978414
26,0.05,26,422382.69267882465,1359.432160839272,1484.4814148698051,498.09784893558333
26,0.25,26,468665.11859501863,1579.4806896507523,4095.08147151876,941.561080615819
26,0.5,26,500835.5472790117,1732.4341133966411,5909.6821818818735,1249.8077203787188
26,0.75,26,533005.9759630047,1885.3875371425297,7724.282892244978,1558.0543601416189
26,0.95,26,579288.4018791986,2105.436065954009,10334.882948893932,2001.5175918218554
27,0.05,27,411026.8894633166,1312.803914677102,1329.8262280650506,343.344179901066
27,0.25,27,459953.4774894261,1559.7658307340284,4627.104570068522,780.1235509997413
27,0.5,27,493961.83551489253,1731.4264675934241,6919.00815232181,1083.7243093958741
27,0.75,27,527970.1935403591,1903.0871044528194,9210.911734575098,1387.3250677920064
27,0.95,27,576896.7815664683,2150.049020509748,12508.190076578572,1824.1044388906826
28,0.05,28,433693.14801499597,1335.5125665383835,1254.2379154930413,465.14748834913246
28,0.25,28,482618.592677597,1559.6633059042017,3683.4331385488795,970.9175262539532
28,0.5,28,516626.15596308466,1715.4681331682211,5371.941252283483,1322.4729733340184
28,0.75,28,550633.7192485724,1871.27296043224,7060.449366018085,1674.028420414083
28,0.95,28,599559.1639111734,2095.423699798059,9489.64458907392,2179.798458318905
29,0.05,29,420243.95239747385,1357.7748811369238,1516.951891469118,487.2555880102101
29,0.25,29,466407.36759458366,1579.2434085716222,4200.868625915364,921.442216577875
29,0.5,29,498495.0731763378,1733.1838584626469,6066.430989816154,1223.240786842365
29,0.75,29,530582.778758092,1887.124308353672,7931.993353716955,1525.039357106854
29,0.95,29,576746.1939552019,2108.5928357883695,10615.910088163193,1959.2259856745197
30,0.05,30,424990.391003354,1357.7743047108033,1436.074964844227,501.3984154887595
30,0.25,30,471646.34363779926,1577.4437203808782,3981.5491740829602,957.6816523539959
30,0.5,30,504076.40682480705,1730.1336265596271,5750.881591176607,1274.8393432203818
30,0.75,30,536506.4700118147,1882.8235327383763,7520.214008270264,1591.997034086768
30,0.95,30,583162.4226462601,2102.4929484084505,10065.688217508965,2048.2802709520047
31,0.05,31,417024.44024810777,1347.359324428186,1534.0692798490127,450.298459928537
31,0.25,31,463539.57086533355,1574.1501417422105,4383.841458529416,874.7749574619636
31,0.5,31,495871.7501456012,1731.7900594897478,6364.6882016511445,1169.8241175180326
31,0.75,31,528203.9294258689,1889.4299772372851,8345.534944772866,1464.8732775741016
31,0.95,31,574719.0600430948,2116.2207945513096,11195.307123453276,1889.3497751075283
32,0.05,32,473044.7767679289,1074.4814967341913,316.3752764976298,-206.71045438425358
32,0.25,32,544681.7062582453,1371.8264727665537,2857.9408874141373,661.6151282630731
32,0.5,32,594475.7843707779,1578.5078460228685,4624.556478820939,1265.1791307556184
32,0.75,32,644269.8624833102,1785.1892192791845,6391.17207022775,1868.7431332481642
32,0.95,32,715906.7919736267,2082.534195311545,8932.737681144257,2737.0687158954943
33,0.05,33,412289.81470172346,1318.167715473965,1393.676259871735,361.2100882650782
33,0.25,33,460708.2898180913,1560.9462317274297,4604.870762168183,792.3384411691283
33,0.5,33,494363.46389084443,1729.6990312734215,6836.938370586525,1092.011236105624
33,0.75,33,528018.6379635974,1898.4518308194129,9069.005979004869,1391.6840310421196
33,0.95,33,576437.1130799651,2141.230347072877,12280.200481301308,1822.8123839461696
34,0.05,34,413865.59088283964,1327.1813203238657,1463.564699413545,389.0495172589183
34,0.25,34,461583.9112571825,1564.2894687125045,4554.706261474223,814.8582798816753
34,0.5,34,494752.4151144015,1729.10085504611,6703.326330665652,1110.8334834239279
34,0.75,34,527920.9189716205,1893.9122413797159,8851.946399857074,1406.8086869661806
34,0.95,34,575639.2393459635,2131.020389768354,11943.087961917754,1832.6174495889372
35,0.05,35,431268.0566246052,1343.5953058531904,1306.0615821769416,480.74529281138007
35,0.25,35,479443.7501577997,1565.8744276349948,3757.1781644578723,971.8852714976163
35,0.5,35,512930.1692992228,1720.3783131523726,5460.92358500272,1313.2715179055647
35,0.75,35,546416.5884406461,1874.88219866975,7164.669005547567,1654.6577643135136
35,0.95,35,594592.2819738402,2097.161320451554,9615.785587828497,2145.797742999748
36,0.05,36,404878.717592926,1301.609622519038,977.503121513515,286.03807279845455
36,0.25,36,455794.09340267663,1565.373146803323,4614.556130003911,763.7828650217183
36,0.5,36,491184.8369512592,1748.7124052681063,7142.6335181989625,1095.8582578543542
36,0.75,36,526575.5804998417,1932.0516637328897,9670.710906394012,1427.93365068699
36,0.95,36,577490.9563095926,2195.8151880171763,13307.7639148844,1905.6784429102506
37,0.05,37,418487.96846645797,1353.5149179582743,1533.4237542566407,470.7424343953063
37,0.25,37,464742.8316266367,1577.2834422403603,4297.545042952621,898.7297984963437
37,0.5,37,496894.10172809707,1732.822595809673,6218.856751049299,1196.2193250694324
37,0.75,37,529045.3718295575,1888.3617493789857,8140.168459145987,1493.708851642521
37,0.95,37,575300.2349897362,2112.130273661071,10904.289747841967,1921.6962157435582
38,0.05,38,422382.69267882465,1359.432160839272,1484.4814148698051,498.09784893558333
38,0.25,38,468665.11859501863,1579.4806896507523,4095.08147151876,941.561080615819
38,0.5,38,500835.5472790117,1732.4341133966411,5909.6821818818735,1249.8077203787188
38,0.75,38,533005.9759630047,1885.3875371425297,7724.282892244978,1558.0543601416189
38,0.95,38,579288.4018791986,2105.436065954009,10334.882948893932,2001.5175918218554
39,0.05,39,385240.75266421837,1370.8509066507704,1606.1500110528932,-437.9884604391991
39,0.25,39,430987.3222646208,1566.568773577359,6509.05425804539,697.2153236011904
39,0.5,39,462785.2828454238,1702.6102095112947,9917.011561491963,1486.2835639393063
39,0.75,39,494583.2434262267,1838.6516454452305,13324.968864938543,2275.351804277422
39,0.95,39,540329.8130266292,2034.369512371818,18227.873111931018,3410.5555883178095
40,0.05,40,384543.7616656787,1359.5467619552987,1915.298025011367,-506.1667072354685
40,0.25,40,429258.4540636778,1545.3321069742906,6957.55940924752,713.6168553828694
40,0.5,40,460339.1676269916,1674.469551136942,10462.382396731937,1561.4756124449082
40,0.75,40,491419.88119030534,1803.6069952995929,13967.205384216359,2409.3343695069457
40,0.95,40,536134.5735883043,1989.3923403185843,19009.466768452512,3629.117932125284
41,0.05,41,381659.28923798323,1322.0878338708978,2480.882375679409,-596.383421806918
41,0.25,41,424932.3599653661,1495.2239828076424,7885.862051592837,829.2161085382972
41,0.5,41,455011.0174301545,1615.569103482095,11642.806718176638,1820.135385456705
41,0.75,41,485089.674894943,1735.9142241565469,15399.751384760466,2811.0546623751097
41,0.95,41,528362.7456223256,1909.050373093292,20804.731060673854,4236.654192720335
42,0.05,42,424990.391003354,1357.7743047108033,1436.074964844227,501.3984154887595
42,0.25,42,471646.34363779926,1577.4437203808782,3981.5491740829602,957.6816523539959
42,0.5,42,504076.40682480705,1730.1336265596271,5750.881591176607,1274.8393432203818
42,0.75,42,536506.4700118147,1882.8235327383763,7520.214008270264,1591.997034086768
42,0.95,42,583162.4226462601,2102.4929484084505,10065.688217508965,2048.2802709520047
43,0.05,43,380535.73963991343,1309.6864744053755,2599.15945289094,-607.6699507690801
43,0.25,43,423617.8903979315,1481.4672499930407,8116.777123838435,879.1321589456047
43,0.5,43,453563.8413950439,1600.8702648723977,11952.015279033065,1912.5927066791387
43,0.75,43,483509.7923921566,1720.273279751754,15787.2534342277,2946.053254412675
43,0.95,43,526591.9431501742,1892.0540553394196,21304.871105175203,4432.855364127352
44,0.05,44,417024.44024810777,1347.359324428186,1534.0692798490127,450.298459928537
44,0.25,44,463539.57086533355,1574.1501417422105,4383.841458529416,874.7749574619636
44,0.5,44,495871.7501456012,1731.7900594897478,6364.6882016511445,1169.8241175180326
44,0.75,44,528203.9294258689,1889.4299772372851,8345.534944772866,1464.8732775741016
44,0.95,44,574719.0600430948,2116.2207945513096,11195.307123453276,1889.3497751075283
45,0.05,45,408321.7364030773,1305.3530884748925,1179.8905466720435,313.79319738733943
45,0.25,45,458210.61693576846,1560.3799277367445,4639.746080980705,766.0204603853362
45,0.5,45,492887.8543867038,1737.6464081030401,7044.655363932769,1080.3588863697037
45,0.75,45,527565.0918376392,1914.9128884693362,9449.56464688483,1394.6973123540704
45,0.95,45,577453.9723703301,2169.9397277311873,12909.420181193489,1846.924575352069
46,0.05,46,417024.44024810777,1347.359324428186,1534.0692798490127,450.298459928537
46,0.25,46,463539.57086533355,1574.1501417422105,4383.841458529416,874.7749574619636
46,0.5,46,495871.7501456012,1731.7900594897478,6364.6882016511445,1169.8241175180326
46,0.75,46,528203.9294258689,1889.4299772372851,8345.534944772866,1464.8732775741016
46,0.95,46,574719.0600430948,2116.2207945513096,11195.307123453276,1889.3497751075283
47,0.05,47,368958.94170678733,1207.6828315763232,2902.7093496013067,-575.4466764701021
47,0.25,47,412906.4107679731,1391.7274049894265,9357.79962193445,1395.5351542634082
47,0.5,47,443453.8354391632,1519.6548570720636,13844.665146893272,2765.5439463235634
47,0.75,47,474001.26011035324,1647.5823091547009,18331.530671852073,4135.552738383714
47,0.95,47,517948.7291715391,1831.626882567803,24786.620944185186,6106.534569117223
48,0.05,48,415761.77208649233,1340.0199150224198,1519.372320588187,427.57079638362586
48,0.25,48,462665.11444879835,1570.3948106050673,4458.616373489609,850.8907135022902
48,0.5,48,495267.13564016187,1730.5259835549,6501.654077691525,1145.135946646278
48,0.75,48,527869.1568315255,1890.657156504733,8544.69178189344,1439.3811797902654
48,0.95,48,574772.4991938312,2121.032052087379,11483.935834794864,1862.7010969089297
49,0.05,49,409700.4902299803,1308.5527697203443,1257.990716287154,327.65004151275957
49,0.25,49,459118.277506527,1559.6105060167426,4638.178575866248,771.4712233563441
49,0.5,49,493468.0629775739,1734.11810455345,6987.711693944225,1079.9666705223651
49,0.75,49,527817.8484486209,1908.625703090157,9337.244812022202,1388.462117688387
49,0.95,49,577235.6357251673,2159.6834393865565,12717.432671601284,1832.2832995319711
50,0.05,50,418487.96846645797,1353.5149179582743,1533.4237542566407,470.7424343953063
50,0.25,50,464742.8316266367,1577.2834422403603,4297.545042952621,898.7297984963437
50,0.5,50,496894.10172809707,1732.822595809673,6218.856751049299,1196.2193250694324
50,0.75,50,529045.3718295575,1888.3617493789857,8140.168459145987,1493.708851642521
50,0.95,50,575300.2349897362,2112.130273661071,10904.289747841967,1921.6962157435582
51,0.05,51,417024.44024810777,1347.359324428186,1534.0692798490127,450.298459928537
51,0.25,51,463539.57086533355,1574.1501417422105,4383.841458529416,874.7749574619636
51,0.5,51,495871.7501456012,1731.7900594897478,6364.6882016511445,1169.8241175180326
51,0.75,51,528203.9294258689,1889.4299772372851,8345.534944772866,1464.8732775741016
51,0.95,51,574719.0600430948,2116.2207945513096,11195.307123453276,1889.3497751075283
52,0.05,52,409700.4902299803,1308.5527697203443,1257.990716287154,327.65004151275957
52,0.25,52,459118.277506527,1559.6105060167426,4638.178575866248,771.4712233563441
52,0.5,52,493468.0629775739,1734.11810455345,6987.711693944225,1079.9666705223651
52,0.75,52,527817.8484486209,1908.625703090157,9337.244812022202,1388.462117688387
52,0.95,52,577235.6357251673,2159.6834393865565,12717.432671601284,1832.2832995319711
53,0.05,53,415761.77208649233,1340.0199150224198,1519.372320588187,427.57079638362586
53,0.25,53,462665.11444879835,1570.3948106050673,4458.616373489609,850.8907135022902
53,0.5,53,495267.13564016187,1730.5259835549,6501.654077691525,1145.135946646278
53,0.75,53,527869.1568315255,1890.657156504733,8544.69178189344,1439.3811797902654
53,0.95,53,574772.4991938312,2121.032052087379,11483.935834794864,1862.7010969089297
54,0.05,54,418487.96846645797,1353.5149179582743,1533.4237542566407,470.7424343953063
54,0.25,54,464742.8316266367,1577.2834422403603,4297.545042952621,898.7297984963437
54,0.5,54,496894.10172809707,1732.822595809673,6218.856751049299,1196.2193250694324
54,0.75,54,529045.3718295575,1888.3617493789857,8140.168459145987,1493.708851642521
54,0.95,54,575300.2349897362,2112.130273661071,10904.289747841967,1921.6962157435582
55,0.05,55,420243.95239747385,1357.7748811369238,1516.951891469118,487.2555880102101
55,0.25,55,466407.36759458366,1579.2434085716222,4200.868625915364,921.442216577875
55,0.5,55,498495.0731763378,1733.1838584626469,6066.430989816154,1223.240786842365
55,0.75,55,530582.778758092,1887.124308353672,7931.993353716955,1525.039357106854
55,0.95,55,576746.1939552019,2108.5928357883695,10615.910088163193,1959.2259856745197
56,0.05,56,398109.29440605047,1307.4539883883972,589.3315117989832,238.28142412171678
56,0.25,56,450481.96909637743,1583.3121932065167,4518.084568791544,786.4215187835498
56,0.5,56,486885.66580765136,1775.0583372194756,7248.919600340225,1167.4279477915388
56,0.75,56,523289.3625189253,1966.8044812324351,9979.754631888909,1548.4343767995276
56,0.95,56,575662.0372092522,2242.662686050554,13908.50768888147,2096.5744714613643
57,0.05,57,422382.69267882465,1359.432160839272,1484.4814148698051,498.09784893558333
57,0.25,57,468665.11859501863,1579.4806896507523,4095.08147151876,941.561080615819
57,0.5,57,500835.5472790117,1732.4341133966411,5909.6821818818735,1249.8077203787188
57,0.75,57,533005.9759630047,1885.3875371425297,7724.282892244978,1558.0543601416189
57,0.95,57,579288.4018791986,2105.436065954009,10334.882948893932,2001.5175918218554
58,0.05,58,418487.96846645797,1353.5149179582743,1533.4237542566407,470.7424343953063
58,0.25,58,464742.8316266367,1577.2834422403603,4297.545042952621,898.7297984963437
58,0.5,58,496894.10172809707,1732.822595809673,6218.856751049299,1196.2193250694324
58,0.75,58,529045.3718295575,1888.3617493789857,8140.168459145987,1493.708851642521
58,0.95,58,575300.2349897362,2112.130273661071,10904.289747841967,1921.6962157435582
59,0.05,59,418487.96846645797,1353.5149179582743,1533.4237542566407,470.7424343953063
59,0.25,59,464742.8316266367,1577.2834422403603,4297.545042952621,898.7297984963437
59,0.5,59,496894.10172809707,1732.822595809673,6218.856751049299,1196.2193250694324
59,0.75,59,529045.3718295575,1888.3617493789857,8140.168459145987,1493.708851642521
59,0.95,59,575300.2349897362,2112.130273661071,10904.289747841967,1921.6962157435582
60,0.05,60,384941.2591232019,1365.8254675758249,1761.311969200131,-473.6986453051486
60,0.25,60,430151.6474228302,1556.3199784734345,6730.957350117045,702.53103832417
60,0.5,60,461576.91400679125,1688.7307144322735,10185.305715542365,1520.1159510448485
60,0.75,60,493002.18059075234,1821.1414503911124,13639.654080967684,2337.700863765529
60,0.95,60,538212.5688903804,2011.6359612887215,18609.299461884595,3513.930547394837
61,0.05,61,411026.8894633166,1312.803914677102,1329.8262280650506,343.344179901066
61,0.25,61,459953.4774894261,1559.7658307340284,4627.104570068522,780.1235509997413
61,0.5,61,493961.83551489253,1731.4264675934241,6919.00815232181,1083.7243093958741
61,0.75,61,527970.1935403591,1903.0871044528194,9210.911734575098,1387.3250677920064
61,0.95,61,576896.7815664683,2150.049020509748,12508.190076578572,1824.1044388906826
62,0.05,62,417024.44024810777,1347.359324428186,1534.0692798490127,450.298459928537
62,0.25,62,463539.57086533355,1574.1501417422105,4383.841458529416,874.7749574619636
62,0.5,62,495871.7501456012,1731.7900594897478,6364.6882016511445,1169.8241175180326
62,0.75,62,528203.9294258689,1889.4299772372851,8345.534944772866,1464.8732775741016
62,0.95,62,574719.0600430948,2116.2207945513096,11195.307123453276,1889.3497751075283
63,0.05,63,415761.77208649233,1340.0199150224198,1519.372320588187,427.57079638362586
63,0.25,63,462665.11444879835,1570.3948106050673,4458.616373489609,850.8907135022902
63,0.5,63,495267.13564016187,1730.5259835549,6501.654077691525,1145.135946646278
63,0.75,63,527869.1568315255,1890.657156504733,8544.69178189344,1439.3811797902654
63,0.95,63,574772.4991938312,2121.032052087379,11483.935834794864,1862.7010969089297
64,0.05,64,415761.77208649233,1340.0199150224198,1519.372320588187,427.57079638362586
64,0.25,64,462665.11444879835,1570.3948106050673,4458.616373489609,850.8907135022902
64,0.5,64,495267.13564016187,1730.5259835549,6501.654077691525,1145.135946646278
64,0.75,64,527869.1568315255,1890.657156504733,8544.69178189344,1439.3811797902654
64,0.95,64,574772.4991938312,2121.032052087379,11483.935834794864,1862.7010969089297
65,0.05,65,418487.96846645797,1353.5149179582743,1533.4237542566407,470.7424343953063
65,0.25,65,464742.8316266367,1577.2834422403603,4297.545042952621,898.7297984963437
65,0.5,65,496894.10172809707,1732.822595809673,6218.856751049299,1196.2193250694324
65,0.75,65,529045.3718295575,1888.3617493789857,8140.168459145987,1493.708851642521
65,0.95,65,575300.2349897362,2112.130273661071,10904.289747841967,1921.6962157435582
66,0.05,66,420243.95239747385,1357.7748811369238,1516.951891469118,487.2555880102101
66,0.25,66,466407.36759458366,1579.2434085716222,4200.868625915364,921.442216577875
66,0.5,66,498495.0731763378,1733.1838584626469,6066.430989816154,1223.240786842365
66,0.75,66,530582.778758092,1887.124308353672,7931.993353716955,1525.039357106854
66,0.95,66,576746.1939552019,2108.5928357883695,10615.910088163193,1959.2259856745197
67,0.05,67,417024.44024810777,1347.359324428186,1534.0692798490127,450.298459928537
67,0.25,67,463539.57086533355,1574.1501417422105,4383.841458529416,874.7749574619636
67,0.5,67,495871.7501456012,1731.7900594897478,6364.6882016511445,1169.8241175180326
67,0.75,67,528203.9294258689,1889.4299772372851,8345.534944772866,1464.8732775741016
67,0.95,67,574719.0600430948,2116.2207945513096,11195.307123453276,1889.3497751075283
68,0.05,68,402499.3008393384,1301.8772688204363,836.9341693955603,269.66378015953705
68,0.25,68,454011.3421592276,1570.7116495846208,4583.063501063018,768.8550324435123
68,0.5,68,489816.8216440133,1757.5756071878793,7186.958697128248,1115.8376346596096
68,0.75,68,525622.3011287991,1944.4395647911376,9790.853893193482,1462.8202368757075
68,0.95,68,577134.342448688,2213.2739455553215,13536.983224860942,1962.0114891596804
69,0.05,69,418487.96846645797,1353.5149179582743,1533.4237542566407,470.7424343953063
69,0.25,69,464742.8316266367,1577.2834422403603,4297.545042952621,898.7297984963437
69,0.5,69,496894.10172809707,1732.822595809673,6218.856751049299,1196.2193250694324
69,0.75,69,529045.3718295575,1888.3617493789857,8140.168459145987,1493.708851642521
69,0.95,69,575300.2349897362,2112.130273661071,10904.289747841967,1921.6962157435582
70,0.05,70,414609.16713694675,1332.2209294098898,1490.1823038449475,404.1435203858339
70,0.25,70,461987.31907622254,1566.573847439627,4520.878196611619,828.3642302096047
70,0.5,70,494919.3754230908,1729.470102057158,6627.483115240285,1123.2355949122793
70,0.75,70,527851.431769959,1892.3663566746893,8734.088033868951,1418.1069596149537
70,0.95,70,575229.5837092348,2126.7192747044273,11764.783926635619,1842.3276694387248
71,0.05,71,418996.7800361246,1355.0712762106982,1530.0236839531235,476.36103489289144
71,0.25,71,465203.32286720164,1578.042180151982,4268.628487902224,905.9657465801132
71,0.5,71,497321.00601485436,1733.026916190606,6172.2039551566095,1204.5794744920163
71,0.75,71,529438.6891625072,1888.01165222923,8075.779422410992,1503.1932024039193
71,0.95,71,575645.2319935841,2110.9825561705134,10814.384226360093,1932.7979140911411
72,0.05,72,420243.95239747385,1357.7748811369238,1516.951891469118,487.2555880102101
72,0.25,72,466407.36759458366,1579.2434085716222,4200.868625915364,921.442216577875
72,0.5,72,498495.0731763378,1733.1838584626469,6066.430989816154,1223.240786842365
72,0.75,72,530582.778758092,1887.124308353672,7931.993353716955,1525.039357106854
72,0.95,72,576746.1939552019,2108.5928357883695,10615.910088163193,1959.2259856745197
73,0.05,73,418487.96846645797,1353.5149179582743,1533.4237542566407,470.7424343953063
73,0.25,73,464742.8316266367,1577.2834422403603,4297.545042952621,898.7297984963437
73,0.5,73,496894.10172809707,1732.822595809673,6218.856751049299,1196.2193250694324
73,0.75,73,529045.3718295575,1888.3617493789857,8140.168459145987,1493.708851642521
73,0.95,73,575300.2349897362,2112.130273661071,10904.289747841967,1921.6962157435582
74,0.05,74,422382.69267882465,1359.432160839272,1484.4814148698051,498.09784893558333
74,0.25,74,468665.11859501863,1579.4806896507523,4095.08147151876,941.561080615819
74,0.5,74,500835.5472790117,1732.4341133966411,5909.6821818818735,1249.8077203787188
74,0.75,74,533005.9759630047,1885.3875371425297,7724.282892244978,1558.0543601416189
74,0.95,74,579288.4018791986,2105.436065954009,10334.882948893932,2001.5175918218554
75,0.05,75,417024.44024810777,1347.359324428186,1534.0692798490127,450.298459928537
75,0.25,75,463539.57086533355,1574.1501417422105,4383.841458529416,874.7749574619636
75,0.5,75,495871.7501456012,1731.7900594897478,6364.6882016511445,1169.8241175180326
75,0.75,75,528203.9294258689,1889.4299772372851,8345.534944772866,1464.8732775741016
75,0.95,75,574719.0600430948,2116.2207945513096,11195.307123453276,1889.3497751075283
76,0.05,76,418487.96846645797,1353.5149179582743,1533.4237542566407,470.7424343953063
76,0.25,76,464742.8316266367,1577.2834422403603,4297.545042952621,898.7297984963437
76,0.5,76,496894.10172809707,1732.822595809673,6218.856751049299,1196.2193250694324
76,0.75,76,529045.3718295575,1888.3617493789857,8140.168459145987,1493.708851642521
76,0.95,76,575300.2349897362,2112.130273661071,10904.289747841967,1921.6962157435582
77,0.05,77,384941.2591232019,1365.8254675758249,1761.311969200131,-473.6986453051486
77,0.25,77,430151.6474228302,1556.3199784734345,6730.957350117045,702.53103832417
77,0.5,77,461576.91400679125,1688.7307144322735,10185.305715542365,1520.1159510448485
77,0.75,77,493002.18059075234,1821.1414503911124,13639.654080967684,2337.700863765529
77,0.95,77,538212.5688903804,2011.6359612887215,18609.299461884595,3513.930547394837
78,0.05,78,406901.521875444,1303.1445015077386,1097.175454157853,301.4259205906683
78,0.25,78,457238.3303713505,1561.9741034103752,4633.431236769414,763.4048304286771
78,0.5,78,492226.91785009747,1741.8838441917367,7091.445530766444,1084.521523822493
78,0.75,78,527215.5053288444,1921.7935849730984,9549.459824763473,1405.6382172163092
78,0.95,78,577552.3138247511,2180.6231868757336,13085.715607375034,1867.617127054315
79,0.05,79,417024.44024810777,1347.359324428186,1534.0692798490127,450.298459928537
79,0.25,79,463539.57086533355,1574.1501417422105,4383.841458529416,874.7749574619636
79,0.5,79,495871.7501456012,1731.7900594897478,6364.6882016511445,1169.8241175180326
79,0.75,79,528203.9294258689,1889.4299772372851,8345.534944772866,1464.8732775741016
79,0.95,79,574719.0600430948,2116.2207945513096,11195.307123453276,1889.3497751075283
80,0.05,80,395360.4802644751,1314.1509816573453,451.07035219190584,213.1555043972246
80,0.25,80,448089.28531962994,1592.457538845064,4487.099086725749,799.822014468197
80,0.5,80,484740.5245111671,1785.905506903335,7292.500316254598,1207.6077506286176
80,0.75,80,521391.7637027043,1979.353474961606,10097.901545783447,1615.393486789039
80,0.95,80,574120.5687578591,2257.6600321493243,14133.930280317283,2202.059996860009
81,0.05,81,399553.335374879,1304.9276664121694,668.1110393475392,249.29823719105298
81,0.25,81,451679.05731149204,1578.8463310048771,4538.824439427284,779.8381493367026
81,0.5,81,487911.09975455527,1769.2443209557682,7229.316714376769,1148.6108761293538
81,0.75,81,524143.14219761844,1959.6423109066588,9919.808989326255,1517.3836029220038
81,0.95,81,576268.8641342315,2233.5609754993675,13790.522389406007,2047.9235150676561
82,0.05,82,384543.7616656787,1359.5467619552987,1915.298025011367,-506.1667072354685
82,0.25,82,429258.4540636778,1545.3321069742906,6957.55940924752,713.6168553828694
82,0.5,82,460339.1676269916,1674.469551136942,10462.382396731937,1561.4756124449082
82,0.75,82,491419.88119030534,1803.6069952995929,13967.205384216359,2409.3343695069457
82,0.95,82,536134.5735883043,1989.3923403185843,19009.466768452512,3629.117932125284
83,0.05,83,409700.4902299803,1308.5527697203443,1257.990716287154,327.65004151275957
83,0.25,83,459118.277506527,1559.6105060167426,4638.178575866248,771.4712233563441
83,0.5,83,493468.0629775739,1734.11810455345,6987.711693944225,1079.9666705223651
83,0.75,83,527817.8484486209,1908.625703090157,9337.244812022202,1388.462117688387
83,0.95,83,577235.6357251673,2159.6834393865565,12717.432671601284,1832.2832995319711
84,0.05,84,422382.69267882465,1359.432160839272,1484.4814148698051,498.09784893558333
84,0.25,84,468665.11859501863,1579.4806896507523,4095.08147151876,941.561080615819
84,0.5,84,500835.5472790117,1732.4341133966411,5909.6821818818735,1249.8077203787188
84,0.75,84,533005.9759630047,1885.3875371425297,7724.282892244978,1558.0543601416189
84,0.95,84,579288.4018791986,2105.436065954009,10334.882948893932,2001.5175918218554
85,0.05,85,418487.96846645797,1353.5149179582743,1533.4237542566407,470.7424343953063
85,0.25,85,464742.8316266367,1577.2834422403603,4297.545042952621,898.7297984963437
85,0.5,85,496894.10172809707,1732.822595809673,6218.856751049299,1196.2193250694324
85,0.75,85,529045.3718295575,1888.3617493789857,8140.168459145987,1493.708851642521
85,0.95,85,575300.2349897362,2112.130273661071,10904.289747841967,1921.6962157435582
86,0.05,86,412289.81470172346,1318.167715473965,1393.676259871735,361.2100882650782
86,0.25,86,460708.2898180913,1560.9462317274297,4604.870762168183,792.3384411691283
86,0.5,86,494363.46389084443,1729.6990312734215,6836.938370586525,1092.011236105624
86,0.75,86,528018.6379635974,1898.4518308194129,9069.005979004869,1391.6840310421196
86,0.95,86,576437.1130799651,2141.230347072877,12280.200481301308,1822.8123839461696
87,0.05,87,424990.391003354,1357.7743047108033,1436.074964844227,501.3984154887595
87,0.25,87,471646.34363779926,1577.4437203808782,3981.5491740829602,957.6816523539959
87,0.5,87,504076.40682480705,1730.1336265596271,5750.881591176607,1274.8393432203818
87,0.75,87,536506.4700118147,1882.8235327383763,7520.214008270264,1591.997034086768
87,0.95,87,583162.4226462601,2102.4929484084505,10065.688217508965,2048.2802709520047
88,0.05,88,422382.69267882465,1359.432160839272,1484.4814148698051,498.09784893558333
88,0.25,88,468665.11859501863,1579.4806896507523,4095.08147151876,941.561080615819
88,0.5,88,500835.5472790117,1732.4341133966411,5909.6821818818735,1249.8077203787188
88,0.75,88,533005.9759630047,1885.3875371425297,7724.282892244978,1558.0543601416189
88,0.95,88,579288.4018791986,2105.436065954009,10334.882948893932,2001.5175918218554
89,0.05,89,418487.96846645797,1353.5149179582743,1533.4237542566407,470.7424343953063
89,0.25,89,464742.8316266367,1577.2834422403603,4297.545042952621,898.7297984963437
89,0.5,89,496894.10172809707,1732.822595809673,6218.856751049299,1196.2193250694324
89,0.75,89,529045.3718295575,1888.3617493789857,8140.168459145987,1493.708851642521
89,0.95,89,575300.2349897362,2112.130273661071,10904.289747841967,1921.6962157435582
90,0.05,90,414609.16713694675,1332.2209294098898,1490.1823038449475,404.1435203858339
90,0.25,90,461987.31907622254,1566.573847439627,4520.878196611619,828.3642302096047
90,0.5,90,494919.3754230908,1729.470102057158,6627.483115240285,1123.2355949122793
90,0.75,90,527851.431769959,1892.3663566746893,8734.088033868951,1418.1069596149537
90,0.95,90,575229.5837092348,2126.7192747044273,11764.783926635619,1842.3276694387248
91,0.05,91,411880.7626642068,1316.270865934842,1373.5975884416157,355.05433130825725
91,0.25,91,460468.581336267,1560.4371925372131,4613.5446681770545,787.8917433702513
91,0.5,91,494241.46433792025,1730.1546444965695,6865.59789151666,1088.7524873969055
91,0.75,91,528014.3473395735,1899.8720964559257,9117.651114856262,1389.613231423558
91,0.95,91,576602.1660116336,2144.0384230582968,12357.59819459172,1822.450643485554
92,0.05,92,420243.95239747385,1357.7748811369238,1516.951891469118,487.2555880102101
92,0.25,92,466407.36759458366,1579.2434085716222,4200.868625915364,921.442216577875
92,0.5,92,498495.0731763378,1733.1838584626469,6066.430989816154,1223.240786842365
92,0.75,92,530582.778758092,1887.124308353672,7931.993353716955,1525.039357106854
92,0.95,92,576746.1939552019,2108.5928357883695,10615.910088163193,1959.2259856745197
93,0.05,93,418487.96846645797,1353.5149179582743,1533.4237542566407,470.7424343953063
93,0.25,93,464742.8316266367,1577.2834422403603,4297.545042952621,898.7297984963437
93,0.5,93,496894.10172809707,1732.822595809673,6218.856751049299,1196.2193250694324
93,0.75,93,529045.3718295575,1888.3617493789857,8140.168459145987,1493.708851642521
93,0.95,93,575300.2349897362,2112.130273661071,10904.289747841967,1921.6962157435582
94,0.05,94,385866.87574358925,1377.7099053942384,875.036928255432,-227.08281378168272
94,0.25,94,434634.5183822789,1604.9198555892126,5511.801040841844,731.9838759755337
94,0.5,94,468532.3951365196,1762.851108204981,8734.7671290621,1398.6210700132
94,0.75,94,502430.27189076034,1920.7823608207495,11957.733217282344,2065.2582640508676
94,0.95,94,551197.9145294499,2147.992311015724,16594.497329868762,3024.3249538080786
95,0.05,95,414609.16713694675,1332.2209294098898,1490.1823038449475,404.1435203858339
95,0.25,95,461987.31907622254,1566.573847439627,4520.878196611619,828.3642302096047
95,0.5,95,494919.3754230908,1729.470102057158,6627.483115240285,1123.2355949122793
95,0.75,95,527851.431769959,1892.3663566746893,8734.088033868951,1418.1069596149537
95,0.95,95,575229.5837092348,2126.7192747044273,11764.783926635619,1842.3276694387248
96,0.05,96,418487.96846645797,1353.5149179582743,1533.4237542566407,470.7424343953063
96,0.25,96,464742.8316266367,1577.2834422403603,4297.545042952621,898.7297984963437
96,0.5,96,496894.10172809707,1732.822595809673,6218.856751049299,1196.2193250694324
96,0.75,96,529045.3718295575,1888.3617493789857,8140.168459145987,1493.708851642521
96,0.95,96,575300.2349897362,2112.130273661071,10904.289747841967,1921.6962157435582
97,0.05,97,379217.9510917672,1296.0659214668985,2703.47816549062,-614.1328205649345
97,0.25,97,422191.6817297881,1467.3324542512992,8344.369605718084,938.6433749366604
97,0.5,97,452062.2710389763,1586.378024353265,12265.29406461706,2017.9618175360056
97,0.75,97,481932.86034816474,1705.4235944552306,16186.218523516018,3097.280260135354
97,0.95,97,524906.5909861854,1876.690127239631,21827.109963743493,4650.056455636941
98,0.05,98,420243.95239747385,1357.7748811369238,1516.951891469118,487.2555880102101
98,0.25,98,466407.36759458366,1579.2434085716222,4200.868625915364,921.442216577875
98,0.5,98,498495.0731763378,1733.1838584626469,6066.430989816154,1223.240786842365
98,0.75,98,530582.778758092,1887.124308353672,7931.993353716955,1525.039357106854
98,0.95,98,576746.1939552019,2108.5928357883695,10615.910088163193,1959.2259856745197
99,0.05,99,413478.02858190535,1324.7041452611556,1447.7416153957593,381.561137194995
99,0.25,99,461374.94359134434,1563.2508425009723,4569.796473453767,808.4664445162964
99,0.5,99,494667.5867056997,1729.0621490485503,6739.904050367259,1105.2038447741497
99,0.75,99,527960.2298200551,1894.8734555961285,8910.01162728074,1401.9412450320021
99,0.95,99,575857.144829494,2133.420152835946,12032.066485338748,1828.8465523533027
100,0.05,100,417024.44024810777,1347.359324428186,1534.0692798490127,450.298459928537
100,0.25,100,463539.57086533355,1574.1501417422105,4383.841458529416,874.7749574619636
100,0.5,100,495871.7501456012,1731.7900594897478,6364.6882016511445,1169.8241175180326
100,0.75,100,528203.9294258689,1889.4299772372851,8345.534944772866,1464.8732775741016
100,0.95,100,574719.0600430948,2116.2207945513096,11195.307123453276,1889.3497751075283
101,0.05,101,417024.44024810777,1347.359324428186,1534.0692798490127,450.298459928537
101,0.25,101,463539.57086533355,1574.1501417422105,4383.841458529416,874.7749574619636
101,0.5,101,495871.7501456012,1731.7900594897478,6364.6882016511445,1169.8241175180326
101,0.75,101,528203.9294258689,1889.4299772372851,8345.534944772866,1464.8732775741016
101,0.95,101,574719.0600430948,2116.2207945513096,11195.307123453276,1889.3497751075283
102,0.05,102,385240.75266421837,1370.8509066507704,1606.1500110528932,-437.9884604391991
102,0.25,102,430987.3222646208,1566.568773577359,6509.05425804539,697.2153236011904
102,0.5,102,462785.2828454238,1702.6102095112947,9917.011561491963,1486.2835639393063
102,0.75,102,494583.2434262267,1838.6516454452305,13324.968864938543,2275.351804277422
102,0.95,102,540329.8130266292,2034.369512371818,18227.873111931018,3410.5555883178095
103,0.05,103,413478.02858190535,1324.7041452611556,1447.7416153957593,381.561137194995
103,0.25,103,461374.94359134434,1563.2508425009723,4569.796473453767,808.4664445162964
103,0.5,103,494667.5867056997,1729.0621490485503,6739.904050367259,1105.2038447741497
103,0.75,103,527960.2298200551,1894.8734555961285,8910.01162728074,1401.9412450320021
103,0.95,103,575857.144829494,2133.420152835946,12032.066485338748,1828.8465523533027
104,0.05,104,386847.2640020536,1359.9955793872832,376.4523982918781,-12.087926374779954
104,0.25,104,438362.67009201966,1618.8893205269487,4808.926907319074,800.0317106082825
104,0.5,104,474170.4883931844,1798.8436438190556,7889.893435402095,1364.5275499521847
104,0.75,104,509978.30669434916,1978.7979671111625,10970.859963485118,1929.0233892960878
104,0.95,104,561493.7127843151,2237.691708250828,15403.334472512279,2741.1430262791464
105,0.05,105,413478.02858190535,1324.7041452611556,1447.7416153957593,381.561137194995
105,0.25,105,461374.94359134434,1563.2508425009723,4569.796473453767,808.4664445162964
105,0.5,105,494667.5867056997,1729.0621490485503,6739.904050367259,1105.2038447741497
105,0.75,105,527960.2298200551,1894.8734555961285,8910.01162728074,1401.9412450320021
105,0.95,105,575857.144829494,2133.420152835946,12032.066485338748,1828.8465523533027
106,0.05,106,418487.96846645797,1353.5149179582743,1533.4237542566407,470.7424343953063
106,0.25,106,464742.8316266367,1577.2834422403603,4297.545042952621,898.7297984963437
106,0.5,106,496894.10172809707,1732.822595809673,6218.856751049299,1196.2193250694324
106,0.75,106,529045.3718295575,1888.3617493789857,8140.168459145987,1493.708851642521
106,0.95,106,575300.2349897362,2112.130273661071,10904.289747841967,1921.6962157435582
107,0.05,107,417024.44024810777,1347.359324428186,1534.0692798490127,450.298459928537
107,0.25,107,463539.57086533355,1574.1501417422105,4383.841458529416,874.7749574619636
107,0.5,107,495871.7501456012,1731.7900594897478,6364.6882016511445,1169.8241175180326
107,0.75,107,528203.9294258689,1889.4299772372851,8345.534944772866,1464.8732775741016
107,0.95,107,574719.0600430948,2116.2207945513096,11195.307123453276,1889.3497751075283
108,0.05,108,412289.81470172346,1318.167715473965,1393.676259871735,361.2100882650782
108,0.25,108,460708.2898180913,1560.9462317274297,4604.870762168183,792.3384411691283
108,0.5,108,494363.46389084443,1729.6990312734215,6836.938370586525,1092.011236105624
108,0.75,108,528018.6379635974,1898.4518308194129,9069.005979004869,1391.6840310421196
108,0.95,108,576437.1130799651,2141.230347072877,12280.200481301308,1822.8123839461696
109,0.05,109,412545.90128047724,1319.4412474480862,1405.9033442215086,365.2679057164868
109,0.25,109,460855.83594728913,1561.3337600160273,4598.626689206749,795.3894655627744
109,0.5,109,494435.5646923039,1729.4707076956872,6817.855189967535,1094.3624492075523
109,0.75,109,528015.2934373185,1897.6076553753471,9037.08369072832,1393.3354328523294
109,0.95,109,576325.2281041304,2139.5001679432885,12229.80703571357,1823.4569926986171
110,0.05,110,418487.96846645797,1353.5149179582743,1533.4237542566407,470.7424343953063
110,0.25,110,464742.8316266367,1577.2834422403603,4297.545042952621,898.7297984963437
110,0.5,110,496894.10172809707,1732.822595809673,6218.856751049299,1196.2193250694324
110,0.75,110,529045.3718295575,1888.3617493789857,8140.168459145987,1493.708851642521
110,0.95,110,575300.2349897362,2112.130273661071,10904.289747841967,1921.6962157435582
111,0.05,111,402499.3008393384,1301.8772688204363,836.9341693955603,269.66378015953705
111,0.25,111,454011.3421592276,1570.7116495846208,4583.063501063018,768.8550324435123
111,0.5,111,489816.8216440133,1757.5756071878793,7186.958697128248,1115.8376346596096
111,0.75,111,525622.3011287991,1944.4395647911376,9790.853893193482,1462.8202368757075
111,0.95,111,577134.342448688,2213.2739455553215,13536.983224860942,1962.0114891596804
112,0.05,112,415761.77208649233,1340.0199150224198,1519.372320588187,427.57079638362586
112,0.25,112,462665.11444879835,1570.3948106050673,4458.616373489609,850.8907135022902
112,0.5,112,495267.13564016187,1730.5259835549,6501.654077691525,1145.135946646278
112,0.75,112,527869.1568315255,1890.657156504733,8544.69178189344,1439.3811797902654
112,0.95,112,574772.4991938312,2121.032052087379,11483.935834794864,1862.7010969089297
113,0.05,113,420243.95239747385,1357.7748811369238,1516.951891469118,487.2555880102101
113,0.25,113,466407.36759458366,1579.2434085716222,4200.868625915364,921.442216577875
113,0.5,113,498495.0731763378,1733.1838584626469,6066.430989816154,1223.240786842365
113,0.75,113,530582.778758092,1887.124308353672,7931.993353716955,1525.039357106854
113,0.95,113,576746.1939552019,2108.5928357883695,10615.910088163193,1959.2259856745197
114,0.05,114,413478.02858190535,1324.7041452611556,1447.7416153957593,381.561137194995
114,0.25,114,461374.94359134434,1563.2508425009723,4569.796473453767,808.4664445162964
114,0.5,114,494667.5867056997,1729.0621490485503,6739.904050367259,1105.2038447741497
114,0.75,114,527960.2298200551,1894.8734555961285,8910.01162728074,1401.9412450320021
114,0.95,114,575857.144829494,2133.420152835946,12032.066485338748,1828.8465523533027
115,0.05,115,417024.44024810777,1347.359324428186,1534.0692798490127,450.298459928537
115,0.25,115,463539.57086533355,1574.1501417422105,4383.841458529416,874.7749574619636
115,0.5,115,495871.7501456012,1731.7900594897478,6364.6882016511445,1169.8241175180326
115,0.75,115,528203.9294258689,1889.4299772372851,8345.534944772866,1464.8732775741016
115,0.95,115,574719.0600430948,2116.2207945513096,11195.307123453276,1889.3497751075283
116,0.05,116,396699.079527981,1310.573399568008,516.1225166989252,226.24900506234962
116,0.25,116,449274.6991002173,1587.912941659084,4500.272623103167,793.2458505672821
116,0.5,116,485819.46066971787,1780.6887476690806,7269.613562501813,1187.3594092514054
116,0.75,116,522364.2222392183,1973.464553679077,10038.954501900453,1581.4729679355278
116,0.95,116,574939.8418114546,2250.8040957701533,14023.104608304684,2148.469813440462
117,0.05,117,417024.44024810777,1347.359324428186,1534.0692798490127,450.298459928537
117,0.25,117,463539.57086533355,1574.1501417422105,4383.841458529416,874.7749574619636
117,0.5,117,495871.7501456012,1731.7900594897478,6364.6882016511445,1169.8241175180326
117,0.75,117,528203.9294258689,1889.4299772372851,8345.534944772866,1464.8732775741016
117,0.95,117,574719.0600430948,2116.2207945513096,11195.307123453276,1889.3497751075283
118,0.05,118,415761.77208649233,1340.0199150224198,1519.372320588187,427.57079638362586
118,0.25,118,462665.11444879835,1570.3948106050673,4458.616373489609,850.8907135022902
118,0.5,118,495267.13564016187,1730.5259835549,6501.654077691525,1145.135946646278
118,0.75,118,527869.1568315255,1890.657156504733,8544.69178189344,1439.3811797902654
118,0.95,118,574772.4991938312,2121.032052087379,11483.935834794864,1862.7010969089297
119,0.05,119,262495.71757911186,672.5851291319382,-5816.086614302249,1224.5889879654806
119,0.25,119,313219.63863317284,967.6138266052565,3460.8533957696172,4320.324541235159
119,0.5,119,348477.3039897154,1172.6851789363338,9909.15706809886,6472.137845518284
119,0.75,119,383734.96934625827,1377.75653126741,16357.460740428112,8623.951149801402
119,0.95,119,434458.8904003191,1672.785228740729,25634.400750500045,11719.686703071078
120,0.05,120,385458.6035412713,1374.6249670413779,1451.6261164208145,-399.4704226995275
120,0.25,120,431774.6474253908,1576.0214261833894,6293.057297820569,696.9622112375669
120,0.5,120,463968.44360618736,1716.0099919895265,9658.285318316019,1459.0810319049638
120,0.75,120,496162.2397869839,1855.9985577956638,13023.513338811452,2221.1998525723625
120,0.95,120,542478.2836711034,2057.395016937675,17864.944520211204,3317.6324865094543
121,0.05,121,418487.96846645797,1353.5149179582743,1533.4237542566407,470.7424343953063
121,0.25,121,464742.8316266367,1577.2834422403603,4297.545042952621,898.7297984963437
121,0.5,121,496894.10172809707,1732.822595809673,6218.856751049299,1196.2193250694324
121,0.75,121,529045.3718295575,1888.3617493789857,8140.168459145987,1493.708851642521
121,0.95,121,575300.2349897362,2112.130273661071,10904.289747841967,1921.6962157435582
122,0.05,122,417024.44024810777,1347.359324428186,1534.0692798490127,450.298459928537
122,0.25,122,463539.57086533355,1574.1501417422105,4383.841458529416,874.7749574619636
122,0.5,122,495871.7501456012,1731.7900594897478,6364.6882016511445,1169.8241175180326
122,0.75,122,528203.9294258689,1889.4299772372851,8345.534944772866,1464.8732775741016
122,0.95,122,574719.0600430948,2116.2207945513096,11195.307123453276,1889.3497751075283
123,0.05,123,442402.69578933564,1298.1825768154918,1066.2470053521574,383.5748137894899
123,0.25,123,494589.01611784624,1531.7354875217466,3455.8980137351878,947.047082228964
123,0.5,123,530863.1798673515,1694.0756654419718,5116.9193587274,1338.710744372856
123,0.75,123,567137.3436168568,1856.415843362197,6777.940703719612,1730.3744065167475
123,0.95,123,619323.6639453672,2089.9687540684517,9167.59171210265,2293.8466749562203
124,0.05,124,418487.96846645797,1353.5149179582743,1533.4237542566407,470.7424343953063
124,0.25,124,464742.8316266367,1577.2834422403603,4297.545042952621,898.7297984963437
124,0.5,124,496894.10172809707,1732.822595809673,6218.856751049299,1196.2193250694324
124,0.75,124,529045.3718295575,1888.3617493789857,8140.168459145987,1493.708851642521
124,0.95,124,575300.2349897362,2112.130273661071,10904.289747841967,1921.6962157435582
125,0.05,125,403979.6358219689,1301.464306624925,924.1904356003488,279.7254698124593
125,0.25,125,455130.9509072686,1567.2388683166466,4603.524395178249,765.195326788074
125,0.5,125,490685.69337093696,1751.9759777846145,7160.990828885183,1102.6403310828418
125,0.75,125,526240.4358346055,1936.7130872525827,9718.457262592121,1440.0853353776083
125,0.95,125,577391.750919905,2202.487648944304,13397.79122217001,1925.555192353223
126,0.05,126,405450.59637637896,1301.867657300006,1011.431813442292,290.1910283366926
126,0.25,126,456209.1932916797,1564.29345796051,4620.832213048364,763.2540243555147
126,0.5,126,491490.9614755701,1746.7028787690808,7129.688562924248,1092.075149765337
126,0.75,126,526772.7296594606,1929.1122995776523,9638.544912800127,1420.89627517516
126,0.95,126,577531.3265747614,2191.538100238156,13247.945312406195,1893.959271193985
127,0.05,127,415761.77208649233,1340.0199150224198,1519.372320588187,427.57079638362586
127,0.25,127,462665.11444879835,1570.3948106050673,4458.616373489609,850.8907135022902
127,0.5,127,495267.13564016187,1730.5259835549,6501.654077691525,1145.135946646278
127,0.75,127,527869.1568315255,1890.657156504733,8544.69178189344,1439.3811797902654
127,0.95,127,574772.4991938312,2121.032052087379,11483.935834794864,1862.7010969089297
128,0.05,128,418487.96846645797,1353.5149179582743,1533.4237542566407,470.7424343953063
128,0.25,128,464742.8316266367,1577.2834422403603,4297.545042952621,898.7297984963437
128,0.5,128,496894.10172809707,1732.822595809673,6218.856751049299,1196.2193250694324
128,0.75,128,529045.3718295575,1888.3617493789857,8140.168459145987,1493.708851642521
128,0.95,128,575300.2349897362,2112.130273661071,10904.289747841967,1921.6962157435582
129,0.05,129,385949.36386241537,1375.750016708139,749.8923839075051,-182.0739078431984
129,0.25,129,435328.87637396075,1609.738631000395,5343.023763205055,746.0071314795762
129,0.5,129,469652.05745741376,1772.3816619120812,8535.661196287432,1391.1065249850658
129,0.75,129,503975.2385408667,1935.0246928237677,11728.298629369816,2036.2059184905575
129,0.95,129,553354.7510524122,2169.013307116023,16321.43000866737,2964.2869578133327
130,0.05,130,418487.96846645797,1353.5149179582743,1533.4237542566407,470.7424343953063
130,0.25,130,464742.8316266367,1577.2834422403603,4297.545042952621,898.7297984963437
130,0.5,130,496894.10172809707,1732.822595809673,6218.856751049299,1196.2193250694324
130,0.75,130,529045.3718295575,1888.3617493789857,8140.168459145987,1493.708851642521
130,0.95,130,575300.2349897362,2112.130273661071,10904.289747841967,1921.6962157435582
131,0.05,131,417024.44024810777,1347.359324428186,1534.0692798490127,450.298459928537
131,0.25,131,463539.57086533355,1574.1501417422105,4383.841458529416,874.7749574619636
131,0.5,131,495871.7501456012,1731.7900594897478,6364.6882016511445,1169.8241175180326
131,0.75,131,528203.9294258689,1889.4299772372851,8345.534944772866,1464.8732775741016
131,0.95,131,574719.0600430948,2116.2207945513096,11195.307123453276,1889.3497751075283
132,0.05,132,420243.95239747385,1357.7748811369238,1516.951891469118,487.2555880102101
132,0.25,132,466407.36759458366,1579.2434085716222,4200.868625915364,921.442216577875
132,0.5,132,498495.0731763378,1733.1838584626469,6066.430989816154,1223.240786842365
132,0.75,132,530582.778758092,1887.124308353672,7931.993353716955,1525.039357106854
132,0.95,132,576746.1939552019,2108.5928357883695,10615.910088163193,1959.2259856745197
133,0.05,133,405450.59637637896,1301.867657300006,1011.431813442292,290.1910283366926
133,0.25,133,456209.1932916797,1564.29345796051,4620.832213048364,763.2540243555147
133,0.5,133,491490.9614755701,1746.7028787690808,7129.688562924248,1092.075149765337
133,0.75,133,526772.7296594606,1929.1122995776523,9638.544912800127,1420.89627517516
133,0.95,133,577531.3265747614,2191.538100238156,13247.945312406195,1893.959271193985
134,0.05,134,429318.6874988513,1349.171702724521,1347.354061062808,490.5451080604612
134,0.25,134,476950.311055641,1570.2474533787267,3820.999205775646,970.3714392869934
134,0.5,134,510058.5528645552,1723.9148882504342,5540.40399370933,1303.8936880424149
134,0.75,134,543166.7946734693,1877.5823231221418,7259.808781643018,1637.4159367978366
134,0.95,134,590798.4182302591,2098.658073776346,9733.453926355856,2117.242268024369
135,0.05,135,420243.95239747385,1357.7748811369238,1516.951891469118,487.2555880102101
135,0.25,135,466407.36759458366,1579.2434085716222,4200.868625915364,921.442216577875
135,0.5,135,498495.0731763378,1733.1838584626469,6066.430989816154,1223.240786842365
135,0.75,135,530582.778758092,1887.124308353672,7931.993353716955,1525.039357106854
135,0.95,135,576746.1939552019,2108.5928357883695,10615.910088163193,1959.2259856745197
136,0.05,136,422382.69267882465,1359.432160839272,1484.4814148698051,498.09784893558333
136,0.25,136,468665.11859501863,1579.4806896507523,4095.08147151876,941.561080615819
136,0.5,136,500835.5472790117,1732.4341133966411,5909.6821818818735,1249.8077203787188
136,0.75,136,533005.9759630047,1885.3875371425297,7724.282892244978,1558.0543601416189
136,0.95,136,579288.4018791986,2105.436065954009,10334.882948893932,2001.5175918218554
137,0.05,137,420243.95239747385,1357.7748811369238,1516.951891469118,487.2555880102101
137,0.25,137,466407.36759458366,1579.2434085716222,4200.868625915364,921.442216577875
137,0.5,137,498495.0731763378,1733.1838584626469,6066.430989816154,1223.240786842365
137,0.75,137,530582.778758092,1887.124308353672,7931.993353716955,1525.039357106854
137,0.95,137,576746.1939552019,2108.5928357883695,10615.910088163193,1959.2259856745197
138,0.05,138,385240.75266421837,1370.8509066507704,1606.1500110528932,-437.9884604391991
138,0.25,138,430987.3222646208,1566.568773577359,6509.05425804539,697.2153236011904
138,0.5,138,462785.2828454238,1702.6102095112947,9917.011561491963,1486.2835639393063
138,0.75,138,494583.2434262267,1838.6516454452305,13324.968864938543,2275.351804277422
138,0.95,138,540329.8130266292,2034.369512371818,18227.873111931018,3410.5555883178095
139,0.05,139,331225.263732092,973.4415829814801,681.1724083497193,-131.659001325364
139,0.25,139,379978.0858521494,1221.4390284511167,8889.830030013207,2659.832816053542
139,0.5,139,413865.66101937846,1393.8194509410669,14595.58182200478,4600.169491480843
139,0.75,139,447753.2361866073,1566.1998734310184,20301.333613996372,6540.506166908135
139,0.95,139,496506.0583066651,1814.1973189006537,28509.99123565987,9331.997984287038
140,0.05,140,422382.69267882465,1359.432160839272,1484.4814148698051,498.09784893558333
140,0.25,140,468665.11859501863,1579.4806896507523,4095.08147151876,941.561080615819
140,0.5,140,500835.5472790117,1732.4341133966411,5909.6821818818735,1249.8077203787188
140,0.75,140,533005.9759630047,1885.3875371425297,7724.282892244978,1558.0543601416189
140,0.95,140,579288.4018791986,2105.436065954009,10334.882948893932,2001.5175918218554
141,0.05,141,420243.95239747385,1357.7748811369238,1516.951891469118,487.2555880102101
141,0.25,141,466407.36759458366,1579.2434085716222,4200.868625915364,921.442216577875
141,0.5,141,498495.0731763378,1733.1838584626469,6066.430989816154,1223.240786842365
141,0.75,141,530582.778758092,1887.124308353672,7931.993353716955,1525.039357106854
141,0.95,141,576746.1939552019,2108.5928357883695,10615.910088163193,1959.2259856745197
142,0.05,142,420243.95239747385,1357.7748811369238,1516.951891469118,487.2555880102101
142,0.25,142,466407.36759458366,1579.2434085716222,4200.868625915364,921.442216577875
142,0.5,142,498495.0731763378,1733.1838584626469,6066.430989816154,1223.240786842365
142,0.75,142,530582.778758092,1887.124308353672,7931.993353716955,1525.039357106854
142,0.95,142,576746.1939552019,2108.5928357883695,10615.910088163193,1959.2259856745197
143,0.05,143,418487.96846645797,1353.5149179582743,1533.4237542566407,470.7424343953063
143,0.25,143,464742.8316266367,1577.2834422403603,4297.545042952621,898.7297984963437
143,0.5,143,496894.10172809707,1732.822595809673,6218.856751049299,1196.2193250694324
143,0.75,143,529045.3718295575,1888.3617493789857,8140.168459145987,1493.708851642521
143,0.95,143,575300.2349897362,2112.130273661071,10904.289747841967,1921.6962157435582
144,0.05,144,417024.44024810777,1347.359324428186,1534.0692798490127,450.298459928537
144,0.25,144,463539.57086533355,1574.1501417422105,4383.841458529416,874.7749574619636
144,0.5,144,495871.7501456012,1731.7900594897478,6364.6882016511445,1169.8241175180326
144,0.75,144,528203.9294258689,1889.4299772372851,8345.534944772866,1464.8732775741016
144,0.95,144,574719.0600430948,2116.2207945513096,11195.307123453276,1889.3497751075283
145,0.05,145,412289.81470172346,1318.167715473965,1393.676259871735,361.2100882650782
145,0.25,145,460708.2898180913,1560.9462317274297,4604.870762168183,792.3384411691283
145,0.5,145,494363.46389084443,1729.6990312734215,6836.938370586525,1092.011236105624
145,0.75,145,528018.6379635974,1898.4518308194129,9069.005979004869,1391.6840310421196
145,0.95,145,576437.1130799651,2141.230347072877,12280.200481301308,1822.8123839461696
146,0.05,146,413478.02858190535,1324.7041452611556,1447.7416153957593,381.561137194995
146,0.25,146,461374.94359134434,1563.2508425009723,4569.796473453767,808.4664445162964
146,0.5,146,494667.5867056997,1729.0621490485503,6739.904050367259,1105.2038447741497
146,0.75,146,527960.2298200551,1894.8734555961285,8910.01162728074,1401.9412450320021
146,0.95,146,575857.144829494,2133.420152835946,12032.066485338748,1828.8465523533027
147,0.05,147,424990.391003354,1357.7743047108033,1436.074964844227,501.3984154887595
147,0.25,147,471646.34363779926,1577.4437203808782,3981.5491740829602,957.6816523539959
147,0.5,147,504076.40682480705,1730.1336265596271,5750.881591176607,1274.8393432203818
147,0.75,147,536506.4700118147,1882.8235327383763,7520.214008270264,1591.997034086768
147,0.95,147,583162.4226462601,2102.4929484084505,10065.688217508965,2048.2802709520047
148,0.05,148,394024.14110592875,1318.3618280006012,391.7455534558794,197.84119591634567
148,0.25,148,446861.131539188,1597.1239727391073,4479.408535842726,806.1905296787806
148,0.5,148,483587.56925202295,1790.8886149241496,7320.700189335379,1229.0477691025976
148,0.75,148,520314.0069648578,1984.6532571091916,10161.991842828027,1651.9050085264153
148,0.95,148,573150.9973981172,2263.4154018476984,14249.65482521486,2260.2543422888502
149,0.05,149,415362.03305061744,1337.3830496994722,1511.0198529830086,419.6059890950511
149,0.25,149,462419.1987428658,1569.0749662859525,4481.2343767942275,843.0154176509132
149,0.5,149,495128.1409170407,1730.121586718073,6545.799330399988,1137.3228692557916
149,0.75,149,527837.0830912156,1891.168207150194,8610.364284005746,1431.6303208606696
149,0.95,149,574894.2487834638,2122.860123736674,11580.578807816953,1855.0397494165327
150,0.05,150,444512.1389092995,1287.4583430387618,1020.2477677307279,358.4797190681779
150,0.25,150,497613.45182698517,1523.8316062602976,3407.227078456529,937.248870713555
150,0.5,150,534523.6173256153,1688.1321816242714,5066.3913544372135,1339.5452358871878
150,0.75,150,571433.7828242453,1852.432756988245,6725.555630417887,1741.8416010608203
150,0.95,150,624535.095741931,2088.8060202097804,9112.534941143686,2320.610752706195
151,0.05,151,417024.44024810777,1347.359324428186,1534.0692798490127,450.298459928537
151,0.25,151,463539.57086533355,1574.1501417422105,4383.841458529416,874.7749574619636
151,0.5,151,495871.7501456012,1731.7900594897478,6364.6882016511445,1169.8241175180326
151,0.75,151,528203.9294258689,1889.4299772372851,8345.534944772866,1464.8732775741016
151,0.95,151,574719.0600430948,2116.2207945513096,11195.307123453276,1889.3497751075283
152,0.05,152,418487.96846645797,1353.5149179582743,1533.4237542566407,470.7424343953063
152,0.25,152,464742.8316266367,1577.2834422403603,4297.545042952621,898.7297984963437
152,0.5,152,496894.10172809707,1732.822595809673,6218.856751049299,1196.2193250694324
152,0.75,152,529045.3718295575,1888.3617493789857,8140.168459145987,1493.708851642521
152,0.95,152,575300.2349897362,2112.130273661071,10904.289747841967,1921.6962157435582
153,0.05,153,409373.950294456,1307.691243878897,1239.7547015421378,324.16975488680407
153,0.25,153,458906.7507711819,1559.7146060113967,4639.360085684581,769.8847923488229
153,0.5,153,493336.4807110168,1734.8934009359493,7002.390121368299,1079.6966386859033
153,0.75,153,527766.2106508516,1910.0721958605018,9365.420157052025,1389.5084850229835
153,0.95,153,577299.0111275779,2162.095557993003,12765.025541194462,1835.2235224850021
154,0.05,154,402499.3008393384,1301.8772688204363,836.9341693955603,269.66378015953705
154,0.25,154,454011.3421592276,1570.7116495846208,4583.063501063018,768.8550324435123
154,0.5,154,489816.8216440133,1757.5756071878793,7186.958697128248,1115.8376346596096
154,0.75,154,525622.3011287991,1944.4395647911376,9790.853893193482,1462.8202368757075
154,0.95,154,577134.342448688,2213.2739455553215,13536.983224860942,1962.0114891596804
155,0.05,155,386491.3485705246,1364.8516576770844,447.3666548047131,-51.80823805566547
155,0.25,155,437541.88335259166,1618.125371076979,4918.988666292244,788.4149373446128
155,0.5,155,473026.57448481594,1794.173272049484,8027.16621262089,1372.4452513950946
155,0.75,155,508511.2656170403,1970.2211730219888,11135.343758949532,1956.4755654455766
155,0.95,155,559561.8003991075,2223.494886421884,15606.965770437066,2796.6987408458544
156,0.05,156,417024.44024810777,1347.359324428186,1534.0692798490127,450.298459928537
156,0.25,156,463539.57086533355,1574.1501417422105,4383.841458529416,874.7749574619636
156,0.5,156,495871.7501456012,1731.7900594897478,6364.6882016511445,1169.8241175180326
156,0.75,156,528203.9294258689,1889.4299772372851,8345.534944772866,1464.8732775741016
156,0.95,156,574719.0600430948,2116.2207945513096,11195.307123453276,1889.3497751075283
157,0.05,157,422382.69267882465,1359.432160839272,1484.4814148698051,498.09784893558333
157,0.25,157,468665.11859501863,1579.4806896507523,4095.08147151876,941.561080615819
157,0.5,157,500835.5472790117,1732.4341133966411,5909.6821818818735,1249.8077203787188
157,0.75,157,533005.9759630047,1885.3875371425297,7724.282892244978,1558.0543601416189
157,0.95,157,579288.4018791986,2105.436065954009,10334.882948893932,2001.5175918218554
158,0.05,158,417024.44024810777,1347.359324428186,1534.0692798490127,450.298459928537
158,0.25,158,463539.57086533355,1574.1501417422105,4383.841458529416,874.7749574619636
158,0.5,158,495871.7501456012,1731.7900594897478,6364.6882016511445,1169.8241175180326
158,0.75,158,528203.9294258689,1889.4299772372851,8345.534944772866,1464.8732775741016
158,0.95,158,574719.0600430948,2116.2207945513096,11195.307123453276,1889.3497751075283
159,0.05,159,420243.95239747385,1357.7748811369238,1516.951891469118,487.2555880102101
159,0.25,159,466407.36759458366,1579.2434085716222,4200.868625915364,921.442216577875
159,0.5,159,498495.0731763378,1733.1838584626469,6066.430989816154,1223.240786842365
159,0.75,159,530582.778758092,1887.124308353672,7931.993353716955,1525.039357106854
159,0.95,159,576746.1939552019,2108.5928357883695,10615.910088163193,1959.2259856745197
160,0.05,160,418487.96846645797,1353.5149179582743,1533.4237542566407,470.7424343953063
160,0.25,160,464742.8316266367,1577.2834422403603,4297.545042952621,898.7297984963437
160,0.5,160,496894.10172809707,1732.822595809673,6218.856751049299,1196.2193250694324
160,0.75,160,529045.3718295575,1888.3617493789857,8140.168459145987,1493.708851642521
160,0.95,160,575300.2349897362,2112.130273661071,10904.289747841967,1921.6962157435582
161,0.05,161,406901.521875444,1303.1445015077386,1097.175454157853,301.4259205906683
161,0.25,161,457238.3303713505,1561.9741034103752,4633.431236769414,763.4048304286771
161,0.5,161,492226.91785009747,1741.8838441917367,7091.445530766444,1084.521523822493
161,0.75,161,527215.5053288444,1921.7935849730984,9549.459824763473,1405.6382172163092
161,0.95,161,577552.3138247511,2180.6231868757336,13085.715607375034,1867.617127054315
162,0.05,162,418487.96846645797,1353.5149179582743,1533.4237542566407,470.7424343953063
162,0.25,162,464742.8316266367,1577.2834422403603,4297.545042952621,898.7297984963437
162,0.5,162,496894.10172809707,1732.822595809673,6218.856751049299,1196.2193250694324
162,0.75,162,529045.3718295575,1888.3617493789857,8140.168459145987,1493.708851642521
162,0.95,162,575300.2349897362,2112.130273661071,10904.289747841967,1921.6962157435582
163,0.05,163,418487.96846645797,1353.5149179582743,1533.4237542566407,470.7424343953063
163,0.25,163,464742.8316266367,1577.2834422403603,4297.545042952621,898.7297984963437
163,0.5,163,496894.10172809707,1732.822595809673,6218.856751049299,1196.2193250694324
163,0.75,163,529045.3718295575,1888.3617493789857,8140.168459145987,1493.708851642521
163,0.95,163,575300.2349897362,2112.130273661071,10904.289747841967,1921.6962157435582
164,0.05,164,387330.0288122966,1354.7834553166515,323.2323273039674,24.67549771116046
164,0.25,164,439245.11610768444,1618.6477552170327,4716.378580111388,809.0636582407226
164,0.5,164,475330.74862149754,1802.0570617552812,7770.0084499070035,1354.2836392455533
164,0.75,164,511416.38113531057,1985.4663682935293,10823.63831970262,1899.5036202503843
164,0.95,164,563331.4684306985,2249.330668193911,15216.784572510054,2683.891780779948
165,0.05,165,417024.44024810777,1347.359324428186,1534.0692798490127,450.298459928537
165,0.25,165,463539.57086533355,1574.1501417422105,4383.841458529416,874.7749574619636
165,0.5,165,495871.7501456012,1731.7900594897478,6364.6882016511445,1169.8241175180326
165,0.75,165,528203.9294258689,1889.4299772372851,8345.534944772866,1464.8732775741016
165,0.95,165,574719.0600430948,2116.2207945513096,11195.307123453276,1889.3497751075283
166,0.05,166,401020.28263125266,1303.0502728167355,751.105083005853,259.64145004350576
166,0.25,166,452858.1185265347,1574.613489858262,4560.988526093159,773.8598278617828
166,0.5,166,488890.0544026143,1763.3742329284166,7209.198536132443,1131.2876273802456
166,0.75,166,524921.990278694,1952.134975998571,9857.408546171726,1488.7154268987085
166,0.95,166,576759.8261739758,2223.6981930400984,13667.291989259038,2002.9338047169858
167,0.05,167,405450.59637637896,1301.867657300006,1011.431813442292,290.1910283366926
167,0.25,167,456209.1932916797,1564.29345796051,4620.832213048364,763.2540243555147
167,0.5,167,491490.9614755701,1746.7028787690808,7129.688562924248,1092.075149765337
167,0.75,167,526772.7296594606,1929.1122995776523,9638.544912800127,1420.89627517516
167,0.95,167,577531.3265747614,2191.538100238156,13247.945312406195,1893.959271193985
168,0.05,168,384543.7616656787,1359.5467619552987,1915.298025011367,-506.1667072354685
168,0.25,168,429258.4540636778,1545.3321069742906,6957.55940924752,713.6168553828694
168,0.5,168,460339.1676269916,1674.469551136942,10462.382396731937,1561.4756124449082
168,0.75,168,491419.88119030534,1803.6069952995929,13967.205384216359,2409.3343695069457
168,0.95,168,536134.5735883043,1989.3923403185843,19009.466768452512,3629.117932125284
169,0.05,169,417024.44024810777,1347.359324428186,1534.0692798490127,450.298459928537
169,0.25,169,463539.57086533355,1574.1501417422105,4383.841458529416,874.7749574619636
169,0.5,169,495871.7501456012,1731.7900594897478,6364.6882016511445,1169.8241175180326
169,0.75,169,528203.9294258689,1889.4299772372851,8345.534944772866,1464.8732775741016
169,0.95,169,574719.0600430948,2116.2207945513096,11195.307123453276,1889.3497751075283
170,0.05,170,413956.0587839635,1327.7784220346482,1467.0845507491695,390.8448219727384
170,0.25,170,461632.5441592126,1564.549365106521,4550.922592605497,816.4222493113655
170,0.5,170,494771.9689474717,1729.1263635622195,6694.466061527494,1112.236654124664
170,0.75,170,527911.3937357308,1893.7033620179186,8838.009530449497,1408.0510589379633
170,0.95,170,575587.8791109798,2130.4743050897905,11921.847572305822,1833.6284862765892
171,0.05,171,414609.16713694675,1332.2209294098898,1490.1823038449475,404.1435203858339
171,0.25,171,461987.31907622254,1566.573847439627,4520.878196611619,828.3642302096047
171,0.5,171,494919.3754230908,1729.470102057158,6627.483115240285,1123.2355949122793
171,0.75,171,527851.431769959,1892.3663566746893,8734.088033868951,1418.1069596149537
171,0.95,171,575229.5837092348,2126.7192747044273,11764.783926635619,1842.3276694387248
172,0.05,172,418487.96846645797,1353.5149179582743,1533.4237542566407,470.7424343953063
172,0.25,172,464742.8316266367,1577.2834422403603,4297.545042952621,898.7297984963437
172,0.5,172,496894.10172809707,1732.822595809673,6218.856751049299,1196.2193250694324
172,0.75,172,529045.3718295575,1888.3617493789857,8140.168459145987,1493.708851642521
172,0.95,172,575300.2349897362,2112.130273661071,10904.289747841967,1921.6962157435582
173,0.05,173,383391.58614943654,1343.2617098435217,2212.194281515138,-559.8343397661486
173,0.25,173,427263.7698109592,1521.3836827960376,7419.911915075775,755.8488519212849
173,0.5,173,457758.86439069733,1645.1943974352646,11039.741805587546,1670.3664350218562
173,0.75,173,488253.9589704356,1769.0051120744913,14659.571696099309,2584.884018122426
173,0.95,173,532126.1426319584,1947.1270850270066,19867.289329659943,3900.5672098098576
174,0.05,174,418487.96846645797,1353.5149179582743,1533.4237542566407,470.7424343953063
174,0.25,174,464742.8316266367,1577.2834422403603,4297.545042952621,898.7297984963437
174,0.5,174,496894.10172809707,1732.822595809673,6218.856751049299,1196.2193250694324
174,0.75,174,529045.3718295575,1888.3617493789857,8140.168459145987,1493.708851642521
174,0.95,174,575300.2349897362,2112.130273661071,10904.289747841967,1921.6962157435582
175,0.05,175,452153.36005216,1243.4982397706428,850.4430977803522,250.87211685761235
175,0.25,175,508992.3229272157,1491.7616814366017,3244.9951044525196,890.2129227034204
175,0.5,175,548500.489697798,1664.3269950919282,4909.423081936864,1334.6120092265105
175,0.75,175,588008.6564683802,1836.8923087472542,6573.851059421206,1779.0110957496006
175,0.95,175,644847.6193434359,2085.1557504132134,8968.403066093379,2418.3519015954084
176,0.05,176,420243.95239747385,1357.7748811369238,1516.951891469118,487.2555880102101
176,0.25,176,466407.36759458366,1579.2434085716222,4200.868625915364,921.442216577875
176,0.5,176,498495.0731763378,1733.1838584626469,6066.430989816154,1223.240786842365
176,0.75,176,530582.778758092,1887.124308353672,7931.993353716955,1525.039357106854
176,0.95,176,576746.1939552019,2108.5928357883695,10615.910088163193,1959.2259856745197
177,0.05,177,420243.95239747385,1357.7748811369238,1516.951891469118,487.2555880102101
177,0.25,177,466407.36759458366,1579.2434085716222,4200.868625915364,921.442216577875
177,0.5,177,498495.0731763378,1733.1838584626469,6066.430989816154,1223.240786842365
177,0.75,177,530582.778758092,1887.124308353672,7931.993353716955,1525.039357106854
177,0.95,177,576746.1939552019,2108.5928357883695,10615.910088163193,1959.2259856745197
178,0.05,178,473264.7537261208,1072.177948313174,309.687094600371,-213.29780181255637
178,0.25,178,545110.0031130393,1370.2222914558447,2853.943457316125,658.2070693360259
178,0.5,178,595048.8822001197,1577.389787453152,4622.429362068669,1263.9809619104049
178,0.75,178,644987.7612871998,1784.5572834504603,6390.915266821222,1869.7548544847825
178,0.95,178,716833.0106741183,2082.6016265931307,8935.171629536984,2741.2597256333675
179,0.05,179,385959.11743087013,1375.5016654763426,737.955965938565,-177.58411055350098
179,0.25,179,435398.8824220524,1610.1653388077616,5326.838765811167,747.4540507005169
179,0.5,179,469763.94437196443,1773.2775961752136,8516.523055909067,1390.4383715846577
179,0.75,179,504129.00632187637,1936.389853542666,11706.207346006973,2033.4226924687982
179,0.95,179,553568.7713130589,2171.0535268740855,16295.090145879558,2958.4608537228223
180,0.05,180,396699.079527981,1310.573399568008,516.1225166989252,226.24900506234962
180,0.25,180,449274.6991002173,1587.912941659084,4500.272623103167,793.2458505672821
180,0.5,180,485819.46066971787,1780.6887476690806,7269.613562501813,1187.3594092514054
180,0.75,180,522364.2222392183,1973.464553679077,10038.954501900453,1581.4729679355278
180,0.95,180,574939.8418114546,2250.8040957701533,14023.104608304684,2148.469813440462
181,0.05,181,418487.96846645797,1353.5149179582743,1533.4237542566407,470.7424343953063
181,0.25,181,464742.8316266367,1577.2834422403603,4297.545042952621,898.7297984963437
181,0.5,181,496894.10172809707,1732.822595809673,6218.856751049299,1196.2193250694324
181,0.75,181,529045.3718295575,1888.3617493789857,8140.168459145987,1493.708851642521
181,0.95,181,575300.2349897362,2112.130273661071,10904.289747841967,1921.6962157435582
182,0.05,182,387949.0565072517,1349.362098337506,288.08272014347676,58.148942959325495
182,0.25,182,440192.88945751684,1617.4635969763124,4641.3192088950445,815.187559726822
182,0.5,182,476507.029627012,1803.8181359032258,7667.208220407232,1341.397159799365
182,0.75,182,512821.16979650717,1990.172674830139,10693.097231919424,1867.6067598719078
182,0.95,182,565065.002746772,2258.2741734689453,15046.33372067098,2624.645376639401
183,0.05,183,399553.335374879,1304.9276664121694,668.1110393475392,249.29823719105298
183,0.25,183,451679.05731149204,1578.8463310048771,4538.824439427284,779.8381493367026
183,0.5,183,487911.09975455527,1769.2443209557682,7229.316714376769,1148.6108761293538
183,0.75,183,524143.14219761844,1959.6423109066588,9919.808989326255,1517.3836029220038
183,0.95,183,576268.8641342315,2233.5609754993675,13790.522389406007,2047.9235150676561
184,0.05,184,476539.423941432,1035.9791980071602,205.5622191661805,-317.81226276140546
184,0.25,184,551682.7490004295,1345.1094765203577,2793.7204571133534,603.9696252746935
184,0.5,184,603914.0858855335,1559.9826898860404,4592.7220947443575,1244.6905448081259
184,0.75,184,656145.4227706372,1774.855903251723,6391.723732375354,1885.4114643415592
184,0.95,184,731288.7478296345,2083.9861817649216,8979.881970322518,2807.193352377653
185,0.05,185,417024.44024810777,1347.359324428186,1534.0692798490127,450.298459928537
185,0.25,185,463539.57086533355,1574.1501417422105,4383.841458529416,874.7749574619636
185,0.5,185,495871.7501456012,1731.7900594897478,6364.6882016511445,1169.8241175180326
185,0.75,185,528203.9294258689,1889.4299772372851,8345.534944772866,1464.8732775741016
185,0.95,185,574719.0600430948,2116.2207945513096,11195.307123453276,1889.3497751075283
186,0.05,186,408026.56921123527,1304.80907578508,1162.8492137196572,311.0843424254459
186,0.25,186,458011.5366633038,1560.6496293436296,4639.019967648211,765.2483449538922
186,0.5,186,492755.56312380615,1738.4817139805068,7055.2697885875195,1080.9329782666418
186,0.75,186,527499.5895843087,1916.313798617384,9471.519609526826,1396.6176115793926
186,0.95,186,577484.557036377,2172.154352175933,12947.69036345536,1850.7816141078379
187,0.05,187,417024.44024810777,1347.359324428186,1534.0692798490127,450.298459928537
187,0.25,187,463539.57086533355,1574.1501417422105,4383.841458529416,874.7749574619636
187,0.5,187,495871.7501456012,1731.7900594897478,6364.6882016511445,1169.8241175180326
187,0.75,187,528203.9294258689,1889.4299772372851,8345.534944772866,1464.8732775741016
187,0.95,187,574719.0600430948,2116.2207945513096,11195.307123453276,1889.3497751075283
188,0.05,188,412289.81470172346,1318.167715473965,1393.676259871735,361.2100882650782
188,0.25,188,460708.2898180913,1560.9462317274297,4604.870762168183,792.3384411691283
188,0.5,188,494363.46389084443,1729.6990312734215,6836.938370586525,1092.011236105624
188,0.75,188,528018.6379635974,1898.4518308194129,9069.005979004869,1391.6840310421196
188,0.95,188,576437.1130799651,2141.230347072877,12280.200481301308,1822.8123839461696
189,0.05,189,420243.95239747385,1357.7748811369238,1516.951891469118,487.2555880102101
189,0.25,189,466407.36759458366,1579.2434085716222,4200.868625915364,921.442216577875
189,0.5,189,498495.0731763378,1733.1838584626469,6066.430989816154,1223.240786842365
189,0.75,189,530582.778758092,1887.124308353672,7931.993353716955,1525.039357106854
189,0.95,189,576746.1939552019,2108.5928357883695,10615.910088163193,1959.2259856745197
190,0.05,190,413478.02858190535,1324.7041452611556,1447.7416153957593,381.561137194995
190,0.25,190,461374.94359134434,1563.2508425009723,4569.796473453767,808.4664445162964
190,0.5,190,494667.5867056997,1729.0621490485503,6739.904050367259,1105.2038447741497
190,0.75,190,527960.2298200551,1894.8734555961285,8910.01162728074,1401.9412450320021
190,0.95,190,575857.144829494,2133.420152835946,12032.066485338748,1828.8465523533027
191,0.05,191,412738.7317799497,1320.4466728193293,1414.9192140712112,368.43504600233086
191,0.25,191,460965.58785559563,1561.6629137184868,4593.479402573941,797.8320008577693
191,0.5,191,494487.56954350683,1729.3297920562543,6802.86324185597,1096.3013191755742
191,0.75,191,528009.551231418,1896.9966703940217,9012.247081137995,1394.7706374933791
191,0.95,191,576236.4073070638,2138.212911293179,12190.807269640736,1824.1675923488187
192,0.05,192,415761.77208649233,1340.0199150224198,1519.372320588187,427.57079638362586
192,0.25,192,462665.11444879835,1570.3948106050673,4458.616373489609,850.8907135022902
192,0.5,192,495267.13564016187,1730.5259835549,6501.654077691525,1145.135946646278
192,0.75,192,527869.1568315255,1890.657156504733,8544.69178189344,1439.3811797902654
192,0.95,192,574772.4991938312,2121.032052087379,11483.935834794864,1862.7010969089297
193,0.05,193,414609.16713694675,1332.2209294098898,1490.1823038449475,404.1435203858339
193,0.25,193,461987.31907622254,1566.573847439627,4520.878196611619,828.3642302096047
193,0.5,193,494919.3754230908,1729.470102057158,6627.483115240285,1123.2355949122793
193,0.75,193,527851.431769959,1892.3663566746893,8734.088033868951,1418.1069596149537
193,0.95,193,575229.5837092348,2126.7192747044273,11764.783926635619,1842.3276694387248
194,0.05,194,471722.1807489174,1088.0243815414472,355.87440134272674,-168.1433510065749
194,0.25,194,542138.1534376456,1381.2727931926736,2881.88864554899,681.5376550399441
194,0.5,194,591083.5572870171,1585.1066875266142,4637.694645112093,1272.1420079461473
194,0.75,194,640028.9611363889,1788.940581860556,6393.5006446751995,1862.7463608523499
194,0.95,194,710444.9338251171,2082.18899351178,8919.514888881466,2712.4273668988717
195,0.05,195,403979.6358219689,1301.464306624925,924.1904356003488,279.7254698124593
195,0.25,195,455130.9509072686,1567.2388683166466,4603.524395178249,765.195326788074
195,0.5,195,490685.69337093696,1751.9759777846145,7160.990828885183,1102.6403310828418
195,0.75,195,526240.4358346055,1936.7130872525827,9718.457262592121,1440.0853353776083
195,0.95,195,577391.750919905,2202.487648944304,13397.79122217001,1925.555192353223
196,0.05,196,411026.8894633166,1312.803914677102,1329.8262280650506,343.344179901066
196,0.25,196,459953.4774894261,1559.7658307340284,4627.104570068522,780.1235509997413
196,0.5,196,493961.83551489253,1731.4264675934241,6919.00815232181,1083.7243093958741
196,0.75,196,527970.1935403591,1903.0871044528194,9210.911734575098,1387.3250677920064
196,0.95,196,576896.7815664683,2150.049020509748,12508.190076578572,1824.1044388906826
197,0.05,197,418487.96846645797,1353.5149179582743,1533.4237542566407,470.7424343953063
197,0.25,197,464742.8316266367,1577.2834422403603,4297.545042952621,898.7297984963437
197,0.5,197,496894.10172809707,1732.822595809673,6218.856751049299,1196.2193250694324
197,0.75,197,529045.3718295575,1888.3617493789857,8140.168459145987,1493.708851642521
197,0.95,197,575300.2349897362,2112.130273661071,10904.289747841967,1921.6962157435582
198,0.05,198,412289.81470172346,1318.167715473965,1393.676259871735,361.2100882650782
198,0.25,198,460708.2898180913,1560.9462317274297,4604.870762168183,792.3384411691283
198,0.5,198,494363.46389084443,1729.6990312734215,6836.938370586525,1092.011236105624
198,0.75,198,528018.6379635974,1898.4518308194129,9069.005979004869,1391.6840310421196
198,0.95,198,576437.1130799651,2141.230347072877,12280.200481301308,1822.8123839461696
199,0.05,199,420243.95239747385,1357.7748811369238,1516.951891469118,487.2555880102101
199,0.25,199,466407.36759458366,1579.2434085716222,4200.868625915364,921.442216577875
199,0.5,199,498495.0731763378,1733.1838584626469,6066.430989816154,1223.240786842365
199,0.75,199,530582.778758092,1887.124308353672,7931.993353716955,1525.039357106854
199,0.95,199,576746.1939552019,2108.5928357883695,10615.910088163193,1959.2259856745197
200,0.05,200,405698.9604463416,1302.0215070980935,1026.155372789838,292.03664536838517
200,0.25,200,456387.823883023,1563.852277848435,4623.349334193406,763.1217879645852
200,0.5,200,491621.1210575312,1745.8480996091866,7123.721116938125,1090.568128210918
200,0.75,200,526854.4182320394,1927.8439213699385,9624.092899682844,1418.0144684572501
200,0.95,200,577543.2816687207,2189.674692120281,13221.286861086419,1889.0996110534481
201,0.05,201,422382.69267882465,1359.432160839272,1484.4814148698051,498.09784893558333
201,0.25,201,468665.11859501863,1579.4806896507523,4095.08147151876,941.561080615819
201,0.5,201,500835.5472790117,1732.4341133966411,5909.6821818818735,1249.8077203787188
201,0.75,201,533005.9759630047,1885.3875371425297,7724.282892244978,1558.0543601416189
201,0.95,201,579288.4018791986,2105.436065954009,10334.882948893932,2001.5175918218554
202,0.05,202,417024.44024810777,1347.359324428186,1534.0692798490127,450.298459928537
202,0.25,202,463539.57086533355,1574.1501417422105,4383.841458529416,874.7749574619636
202,0.5,202,495871.7501456012,1731.7900594897478,6364.6882016511445,1169.8241175180326
202,0.75,202,528203.9294258689,1889.4299772372851,8345.534944772866,1464.8732775741016
202,0.95,202,574719.0600430948,2116.2207945513096,11195.307123453276,1889.3497751075283
203,0.05,203,412642.56697318004,1319.9401447349437,1410.4442870386238,366.84322338041693
203,0.25,203,460911.00244932284,1561.4946415188824,4596.095725935671,796.5978747550498
203,0.5,203,494461.8855422908,1729.3966379733624,6810.408618969195,1095.3158241705867
203,0.75,203,528012.7686352587,1897.2986344278422,9024.721512002725,1394.0337735861242
203,0.95,203,576281.2041114013,2138.8531312117807,12210.372950899753,1823.7884249607575
204,0.05,204,413478.02858190535,1324.7041452611556,1447.7416153957593,381.561137194995
204,0.25,204,461374.94359134434,1563.2508425009723,4569.796473453767,808.4664445162964
204,0.5,204,494667.5867056997,1729.0621490485503,6739.904050367259,1105.2038447741497
204,0.75,204,527960.2298200551,1894.8734555961285,8910.01162728074,1401.9412450320021
204,0.95,204,575857.144829494,2133.420152835946,12032.066485338748,1828.8465523533027
205,0.05,205,408321.7364030773,1305.3530884748925,1179.8905466720435,313.79319738733943
205,0.25,205,458210.61693576846,1560.3799277367445,4639.746080980705,766.0204603853362
205,0.5,205,492887.8543867038,1737.6464081030401,7044.655363932769,1080.3588863697037
205,0.75,205,527565.0918376392,1914.9128884693362,9449.56464688483,1394.6973123540704
205,0.95,205,577453.9723703301,2169.9397277311873,12909.420181193489,1846.924575352069
206,0.05,206,418487.96846645797,1353.5149179582743,1533.4237542566407,470.7424343953063
206,0.25,206,464742.8316266367,1577.2834422403603,4297.545042952621,898.7297984963437
206,0.5,206,496894.10172809707,1732.822595809673,6218.856751049299,1196.2193250694324
206,0.75,206,529045.3718295575,1888.3617493789857,8140.168459145987,1493.708851642521
206,0.95,206,575300.2349897362,2112.130273661071,10904.289747841967,1921.6962157435582
207,0.05,207,418487.96846645797,1353.5149179582743,1533.4237542566407,470.7424343953063
207,0.25,207,464742.8316266367,1577.2834422403603,4297.545042952621,898.7297984963437
207,0.5,207,496894.10172809707,1732.822595809673,6218.856751049299,1196.2193250694324
207,0.75,207,529045.3718295575,1888.3617493789857,8140.168459145987,1493.708851642521
207,0.95,207,575300.2349897362,2112.130273661071,10904.289747841967,1921.6962157435582
208,0.05,208,418487.96846645797,1353.5149179582743,1533.4237542566407,470.7424343953063
208,0.25,208,464742.8316266367,1577.2834422403603,4297.545042952621,898.7297984963437
208,0.5,208,496894.10172809707,1732.822595809673,6218.856751049299,1196.2193250694324
208,0.75,208,529045.3718295575,1888.3617493789857,8140.168459145987,1493.708851642521
208,0.95,208,575300.2349897362,2112.130273661071,10904.289747841967,1921.6962157435582
209,0.05,209,418487.96846645797,1353.5149179582743,1533.4237542566407,470.7424343953063
209,0.25,209,464742.8316266367,1577.2834422403603,4297.545042952621,898.7297984963437
209,0.5,209,496894.10172809707,1732.822595809673,6218.856751049299,1196.2193250694324
209,0.75,209,529045.3718295575,1888.3617493789857,8140.168459145987,1493.708851642521
209,0.95,209,575300.2349897362,2112.130273661071,10904.289747841967,1921.6962157435582
210,0.05,210,410713.9187736936,1311.6844836230557,1313.2478646391046,339.3918735757054
210,0.25,210,459760.0601651741,1559.6388524921647,4630.7172706985175,777.7355898269036
210,0.5,210,493851.51848062046,1731.9893328890264,6936.655449743299,1082.423708126284
210,0.75,210,527942.9767960669,1904.3398132858877,9242.593628788083,1387.1118264256654
210,0.95,210,576989.1181875472,2152.294182154996,12560.063034847488,1825.455542676864
211,0.05,211,408321.7364030773,1305.3530884748925,1179.8905466720435,313.79319738733943
211,0.25,211,458210.61693576846,1560.3799277367445,4639.746080980705,766.0204603853362
211,0.5,211,492887.8543867038,1737.6464081030401,7044.655363932769,1080.3588863697037
211,0.75,211,527565.0918376392,1914.9128884693362,9449.56464688483,1394.6973123540704
211,0.95,211,577453.9723703301,2169.9397277311873,12909.420181193489,1846.924575352069
212,0.05,212,418487.96846645797,1353.5149179582743,1533.4237542566407,470.7424343953063
212,0.25,212,464742.8316266367,1577.2834422403603,4297.545042952621,898.7297984963437
212,0.5,212,496894.10172809707,1732.822595809673,6218.856751049299,1196.2193250694324
212,0.75,212,529045.3718295575,1888.3617493789857,8140.168459145987,1493.708851642521
212,0.95,212,575300.2349897362,2112.130273661071,10904.289747841967,1921.6962157435582
213,0.05,213,418487.96846645797,1353.5149179582743,1533.4237542566407,470.7424343953063
213,0.25,213,464742.8316266367,1577.2834422403603,4297.545042952621,898.7297984963437
213,0.5,213,496894.10172809707,1732.822595809673,6218.856751049299,1196.2193250694324
213,0.75,213,529045.3718295575,1888.3617493789857,8140.168459145987,1493.708851642521
213,0.95,213,575300.2349897362,2112.130273661071,10904.289747841967,1921.6962157435582
214,0.05,214,418487.96846645797,1353.5149179582743,1533.4237542566407,470.7424343953063
214,0.25,214,464742.8316266367,1577.2834422403603,4297.545042952621,898.7297984963437
214,0.5,214,496894.10172809707,1732.822595809673,6218.856751049299,1196.2193250694324
214,0.75,214,529045.3718295575,1888.3617493789857,8140.168459145987,1493.708851642521
214,0.95,214,575300.2349897362,2112.130273661071,10904.289747841967,1921.6962157435582
215,0.05,215,417024.44024810777,1347.359324428186,1534.0692798490127,450.298459928537
215,0.25,215,463539.57086533355,1574.1501417422105,4383.841458529416,874.7749574619636
215,0.5,215,495871.7501456012,1731.7900594897478,6364.6882016511445,1169.8241175180326
215,0.75,215,528203.9294258689,1889.4299772372851,8345.534944772866,1464.8732775741016
215,0.95,215,574719.0600430948,2116.2207945513096,11195.307123453276,1889.3497751075283
216,0.05,216,420243.95239747385,1357.7748811369238,1516.951891469118,487.2555880102101
216,0.25,216,466407.36759458366,1579.2434085716222,4200.868625915364,921.442216577875
216,0.5,216,498495.0731763378,1733.1838584626469,6066.430989816154,1223.240786842365
216,0.75,216,530582.778758092,1887.124308353672,7931.993353716955,1525.039357106854
216,0.95,216,576746.1939552019,2108.5928357883695,10615.910088163193,1959.2259856745197
217,0.05,217,386065.8385743821,1372.8713753741363,635.7682369222748,-137.4470570418007
217,0.25,217,436037.0580759106,1613.5506193212395,5187.189976612423,760.6083961146295
217,0.5,217,470771.52848022897,1780.8442367115176,8350.835476798828,1384.8373196882162
217,0.75,217,505505.9988845473,1948.1378541017957,11514.480976985218,2009.0662432618044
217,0.95,217,555477.2183860762,2188.8170980488994,16065.902716675368,2907.121696418234
218,0.05,218,418487.96846645797,1353.5149179582743,1533.4237542566407,470.7424343953063
218,0.25,218,464742.8316266367,1577.2834422403603,4297.545042952621,898.7297984963437
218,0.5,218,496894.10172809707,1732.822595809673,6218.856751049299,1196.2193250694324
218,0.75,218,529045.3718295575,1888.3617493789857,8140.168459145987,1493.708851642521
218,0.95,218,575300.2349897362,2112.130273661071,10904.289747841967,1921.6962157435582
219,0.05,219,391786.0351158974,1327.053830766273,310.40011403919743,164.6962345474983
219,0.25,219,444675.1629856091,1605.0780648318432,4486.177717421751,815.3377946493902
219,0.5,219,481437.8408835241,1798.329793049891,7388.716919517248,1267.591916894443
219,0.75,219,518200.5187814391,1991.581521267939,10291.256121612749,1719.846039139496
219,0.95,219,571089.6466511508,2269.6057553335086,14467.033724995272,2370.4875992413904
220,0.05,220,409700.4902299803,1308.5527697203443,1257.990716287154,327.65004151275957
220,0.25,220,459118.277506527,1559.6105060167426,4638.178575866248,771.4712233563441
220,0.5,220,493468.0629775739,1734.11810455345,6987.711693944225,1079.9666705223651
220,0.75,220,527817.8484486209,1908.625703090157,9337.244812022202,1388.462117688387
220,0.95,220,577235.6357251673,2159.6834393865565,12717.432671601284,1832.2832995319711
221,0.05,221,413478.02858190535,1324.7041452611556,1447.7416153957593,381.561137194995
221,0.25,221,461374.94359134434,1563.2508425009723,4569.796473453767,808.4664445162964
221,0.5,221,494667.5867056997,1729.0621490485503,6739.904050367259,1105.2038447741497
221,0.75,221,527960.2298200551,1894.8734555961285,8910.01162728074,1401.9412450320021
221,0.95,221,575857.144829494,2133.420152835946,12032.066485338748,1828.8465523533027
222,0.05,222,385240.75266421837,1370.8509066507704,1606.1500110528932,-437.9884604391991
222,0.25,222,430987.3222646208,1566.568773577359,6509.05425804539,697.2153236011904
222,0.5,222,462785.2828454238,1702.6102095112947,9917.011561491963,1486.2835639393063
222,0.75,222,494583.2434262267,1838.6516454452305,13324.968864938543,2275.351804277422
222,0.95,222,540329.8130266292,2034.369512371818,18227.873111931018,3410.5555883178095
223,0.05,223,396699.079527981,1310.573399568008,516.1225166989252,226.24900506234962
223,0.25,223,449274.6991002173,1587.912941659084,4500.272623103167,793.2458505672821
223,0.5,223,485819.46066971787,1780.6887476690806,7269.613562501813,1187.3594092514054
223,0.75,223,522364.2222392183,1973.464553679077,10038.954501900453,1581.4729679355278
223,0.95,223,574939.8418114546,2250.8040957701533,14023.104608304684,2148.469813440462
224,0.05,224,420243.95239747385,1357.7748811369238,1516.951891469118,487.2555880102101
224,0.25,224,466407.36759458366,1579.2434085716222,4200.868625915364,921.442216577875
224,0.5,224,498495.0731763378,1733.1838584626469,6066.430989816154,1223.240786842365
224,0.75,224,530582.778758092,1887.124308353672,7931.993353716955,1525.039357106854
224,0.95,224,576746.1939552019,2108.5928357883695,10615.910088163193,1959.2259856745197
225,0.05,225,415761.77208649233,1340.0199150224198,1519.372320588187,427.57079638362586
225,0.25,225,462665.11444879835,1570.3948106050673,4458.616373489609,850.8907135022902
225,0.5,225,495267.13564016187,1730.5259835549,6501.654077691525,1145.135946646278
225,0.75,225,527869.1568315255,1890.657156504733,8544.69178189344,1439.3811797902654
225,0.95,225,574772.4991938312,2121.032052087379,11483.935834794864,1862.7010969089297
226,0.05,226,412289.81470172346,1318.167715473965,1393.676259871735,361.2100882650782
226,0.25,226,460708.2898180913,1560.9462317274297,4604.870762168183,792.3384411691283
226,0.5,226,494363.46389084443,1729.6990312734215,6836.938370586525,1092.011236105624
226,0.75,226,528018.6379635974,1898.4518308194129,9069.005979004869,1391.6840310421196
226,0.95,226,576437.1130799651,2141.230347072877,12280.200481301308,1822.8123839461696
227,0.05,227,368958.94170678733,1207.6828315763232,2902.7093496013067,-575.4466764701021
227,0.25,227,412906.4107679731,1391.7274049894265,9357.79962193445,1395.5351542634082
227,0.5,227,443453.8354391632,1519.6548570720636,13844.665146893272,2765.5439463235634
227,0.75,227,474001.26011035324,1647.5823091547009,18331.530671852073,4135.552738383714
227,0.95,227,517948.7291715391,1831.626882567803,24786.620944185186,6106.534569117223
228,0.05,228,400931.81784530764,1303.1436051904152,746.031620644133,259.0334634323433
228,0.25,228,452788.02581839816,1574.8591023442614,4559.646063187481,774.1947627775471
228,0.5,228,488832.7319330123,1763.7256937228483,7210.449451805007,1132.277977156751
228,0.75,228,524877.4380476265,1952.5922851014352,9861.25284042254,1490.3611915359543
228,0.95,228,576733.6460207168,2224.3077822552814,13674.86728296587,2005.5224908811579
229,0.05,229,432244.2651134555,1340.484035552516,1285.2446573145935,474.8939144092367
229,0.25,229,480712.56478878274,1563.4702578874114,3726.7994182543066,971.8499890230178
229,0.5,229,514402.371389736,1718.4656415807228,5423.8985171023505,1317.2789426908478
229,0.75,229,548092.1779906892,1873.461025274035,7120.997615950401,1662.7078963586775
229,0.95,229,596560.4776660164,2096.4472476089295,9562.552376890106,2159.663970972455
230,0.05,230,420243.95239747385,1357.7748811369238,1516.951891469118,487.2555880102101
230,0.25,230,466407.36759458366,1579.2434085716222,4200.868625915364,921.442216577875
230,0.5,230,498495.0731763378,1733.1838584626469,6066.430989816154,1223.240786842365
230,0.75,230,530582.778758092,1887.124308353672,7931.993353716955,1525.039357106854
230,0.95,230,576746.1939552019,2108.5928357883695,10615.910088163193,1959.2259856745197
231,0.05,231,420243.95239747385,1357.7748811369238,1516.951891469118,487.2555880102101
231,0.25,231,466407.36759458366,1579.2434085716222,4200.868625915364,921.442216577875
231,0.5,231,498495.0731763378,1733.1838584626469,6066.430989816154,1223.240786842365
231,0.75,231,530582.778758092,1887.124308353672,7931.993353716955,1525.039357106854
231,0.95,231,576746.1939552019,2108.5928357883695,10615.910088163193,1959.2259856745197
232,0.05,232,410251.272256246,1310.1651018637483,1288.29712029448,333.84306132978145
232,0.25,232,459469.92175414617,1559.5566441502158,4634.881336593511,774.610786570694
232,0.5,232,493681.2886445025,1732.9060887114322,6961.056914778893,1080.9838080874233
232,0.75,232,527892.6555348589,1906.255533272648,9287.232492964271,1387.3568296041528
232,0.95,232,577111.305032759,2155.6470755591167,12633.816709263305,1828.1245548450622
233,0.05,233,387425.80895003036,1353.8730529939116,316.00752157790794,30.59676007736971
233,0.25,233,439401.77446210256,1618.5097041763047,4702.418257945874,810.3047347631325
233,0.5,233,475529.72278563096,1802.4558639875838,7751.366340929844,1352.2715676899331
233,0.75,233,511657.6711091595,1986.4020237988627,10800.314423913822,1894.238400616735
233,0.95,233,563633.6366212313,2251.038674981256,15186.725160281765,2673.9463753024957
234,0.05,234,415761.77208649233,1340.0199150224198,1519.372320588187,427.57079638362586
234,0.25,234,462665.11444879835,1570.3948106050673,4458.616373489609,850.8907135022902
234,0.5,234,495267.13564016187,1730.5259835549,6501.654077691525,1145.135946646278
234,0.75,234,527869.1568315255,1890.657156504733,8544.69178189344,1439.3811797902654
234,0.95,234,574772.4991938312,2121.032052087379,11483.935834794864,1862.7010969089297
235,0.05,235,417024.44024810777,1347.359324428186,1534.0692798490127,450.298459928537
235,0.25,235,463539.57086533355,1574.1501417422105,4383.841458529416,874.7749574619636
235,0.5,235,495871.7501456012,1731.7900594897478,6364.6882016511445,1169.8241175180326
235,0.75,235,528203.9294258689,1889.4299772372851,8345.534944772866,1464.8732775741016
235,0.95,235,574719.0600430948,2116.2207945513096,11195.307123453276,1889.3497751075283
236,0.05,236,415761.77208649233,1340.0199150224198,1519.372320588187,427.57079638362586
236,0.25,236,462665.11444879835,1570.3948106050673,4458.616373489609,850.8907135022902
236,0.5,236,495267.13564016187,1730.5259835549,6501.654077691525,1145.135946646278
236,0.75,236,527869.1568315255,1890.657156504733,8544.69178189344,1439.3811797902654
236,0.95,236,574772.4991938312,2121.032052087379,11483.935834794864,1862.7010969089297
237,0.05,237,417024.44024810777,1347.359324428186,1534.0692798490127,450.298459928537
237,0.25,237,463539.57086533355,1574.1501417422105,4383.841458529416,874.7749574619636
237,0.5,237,495871.7501456012,1731.7900594897478,6364.6882016511445,1169.8241175180326
237,0.75,237,528203.9294258689,1889.4299772372851,8345.534944772866,1464.8732775741016
237,0.95,237,574719.0600430948,2116.2207945513096,11195.307123453276,1889.3497751075283
238,0.05,238,414609.16713694675,1332.2209294098898,1490.1823038449475,404.1435203858339
238,0.25,238,461987.31907622254,1566.573847439627,4520.878196611619,828.3642302096047
238,0.5,238,494919.3754230908,1729.470102057158,6627.483115240285,1123.2355949122793
238,0.75,238,527851.431769959,1892.3663566746893,8734.088033868951,1418.1069596149537
238,0.95,238,575229.5837092348,2126.7192747044273,11764.783926635619,1842.3276694387248
239,0.05,239,417024.44024810777,1347.359324428186,1534.0692798490127,450.298459928537
239,0.25,239,463539.57086533355,1574.1501417422105,4383.841458529416,874.7749574619636
239,0.5,239,495871.7501456012,1731.7900594897478,6364.6882016511445,1169.8241175180326
239,0.75,239,528203.9294258689,1889.4299772372851,8345.534944772866,1464.8732775741016
239,0.95,239,574719.0600430948,2116.2207945513096,11195.307123453276,1889.3497751075283
240,0.05,240,412289.81470172346,1318.167715473965,1393.676259871735,361.2100882650782
240,0.25,240,460708.2898180913,1560.9462317274297,4604.870762168183,792.3384411691283
240,0.5,240,494363.46389084443,1729.6990312734215,6836.938370586525,1092.011236105624
240,0.75,240,528018.6379635974,1898.4518308194129,9069.005979004869,1391.6840310421196
240,0.95,240,576437.1130799651,2141.230347072877,12280.200481301308,1822.8123839461696
241,0.05,241,415761.77208649233,1340.0199150224198,1519.372320588187,427.57079638362586
241,0.25,241,462665.11444879835,1570.3948106050673,4458.616373489609,850.8907135022902
241,0.5,241,495267.13564016187,1730.5259835549,6501.654077691525,1145.135946646278
241,0.75,241,527869.1568315255,1890.657156504733,8544.69178189344,1439.3811797902654
241,0.95,241,574772.4991938312,2121.032052087379,11483.935834794864,1862.7010969089297
242,0.05,242,395333.6829000219,1314.2289707933246,449.82056454457233,212.8727650323426
242,0.25,242,448065.1222124437,1592.5499946004682,4486.884312701263,799.9527141142286
242,0.5,242,484718.1924485699,1786.0080182541246,7293.004969340531,1208.0258273935565
242,0.75,242,521371.26268469624,1979.466041907781,10099.125625979803,1616.0989406728845
242,0.95,242,574102.7019971178,2257.787065714926,14136.189374136498,2203.1788897547704
243,0.05,243,402499.3008393384,1301.8772688204363,836.9341693955603,269.66378015953705
243,0.25,243,454011.3421592276,1570.7116495846208,4583.063501063018,768.8550324435123
243,0.5,243,489816.8216440133,1757.5756071878793,7186.958697128248,1115.8376346596096
243,0.75,243,525622.3011287991,1944.4395647911376,9790.853893193482,1462.8202368757075
243,0.95,243,577134.342448688,2213.2739455553215,13536.983224860942,1962.0114891596804
244,0.05,244,379217.9510917672,1296.0659214668985,2703.47816549062,-614.1328205649345
244,0.25,244,422191.6817297881,1467.3324542512992,8344.369605718084,938.6433749366604
244,0.5,244,452062.2710389763,1586.378024353265,12265.29406461706,2017.9618175360056
244,0.75,244,481932.86034816474,1705.4235944552306,16186.218523516018,3097.280260135354
244,0.95,244,524906.5909861854,1876.690127239631,21827.109963743493,4650.056455636941
245,0.05,245,420243.95239747385,1357.7748811369238,1516.951891469118,487.2555880102101
245,0.25,245,466407.36759458366,1579.2434085716222,4200.868625915364,921.442216577875
245,0.5,245,498495.0731763378,1733.1838584626469,6066.430989816154,1223.240786842365
245,0.75,245,530582.778758092,1887.124308353672,7931.993353716955,1525.039357106854
245,0.95,245,576746.1939552019,2108.5928357883695,10615.910088163193,1959.2259856745197
246,0.05,246,406901.521875444,1303.1445015077386,1097.175454157853,301.4259205906683
246,0.25,246,457238.3303713505,1561.9741034103752,4633.431236769414,763.4048304286771
246,0.5,246,492226.91785009747,1741.8838441917367,7091.445530766444,1084.521523822493
246,0.75,246,527215.5053288444,1921.7935849730984,9549.459824763473,1405.6382172163092
246,0.95,246,577552.3138247511,2180.6231868757336,13085.715607375034,1867.617127054315
247,0.05,247,414609.16713694675,1332.2209294098898,1490.1823038449475,404.1435203858339
247,0.25,247,461987.31907622254,1566.573847439627,4520.878196611619,828.3642302096047
247,0.5,247,494919.3754230908,1729.470102057158,6627.483115240285,1123.2355949122793
247,0.75,247,527851.431769959,1892.3663566746893,8734.088033868951,1418.1069596149537
247,0.95,247,575229.5837092348,2126.7192747044273,11764.783926635619,1842.3276694387248
248,0.05,248,422382.69267882465,1359.432160839272,1484.4814148698051,498.09784893558333
248,0.25,248,468665.11859501863,1579.4806896507523,4095.08147151876,941.561080615819
248,0.5,248,500835.5472790117,1732.4341133966411,5909.6821818818735,1249.8077203787188
248,0.75,248,533005.9759630047,1885.3875371425297,7724.282892244978,1558.0543601416189
248,0.95,248,579288.4018791986,2105.436065954009,10334.882948893932,2001.5175918218554
249,0.05,249,422382.69267882465,1359.432160839272,1484.4814148698051,498.09784893558333
249,0.25,249,468665.11859501863,1579.4806896507523,4095.08147151876,941.561080615819
249,0.5,249,500835.5472790117,1732.4341133966411,5909.6821818818735,1249.8077203787188
249,0.75,249,533005.9759630047,1885.3875371425297,7724.282892244978,1558.0543601416189
249,0.95,249,579288.4018791986,2105.436065954009,10334.882948893932,2001.5175918218554
250,0.05,250,411026.8894633166,1312.803914677102,1329.8262280650506,343.344179901066
250,0.25,250,459953.4774894261,1559.7658307340284,4627.104570068522,780.1235509997413
250,0.5,250,493961.83551489253,1731.4264675934241,6919.00815232181,1083.7243093958741
250,0.75,250,527970.1935403591,1903.0871044528194,9210.911734575098,1387.3250677920064
250,0.95,250,576896.7815664683,2150.049020509748,12508.190076578572,1824.1044388906826
251,0.05,251,420243.95239747385,1357.7748811369238,1516.951891469118,487.2555880102101
251,0.25,251,466407.36759458366,1579.2434085716222,4200.868625915364,921.442216577875
251,0.5,251,498495.0731763378,1733.1838584626469,6066.430989816154,1223.240786842365
251,0.75,251,530582.778758092,1887.124308353672,7931.993353716955,1525.039357106854
251,0.95,251,576746.1939552019,2108.5928357883695,10615.910088163193,1959.2259856745197
252,0.05,252,444804.1772359954,1285.925324390182,1013.8576695225902,354.84905585116417
252,0.25,252,498036.0129331647,1522.704746425144,3400.642312893107,935.7807204025444
252,0.5,252,535036.9034464388,1687.2876385191291,5059.671277637471,1339.5802256092165
252,0.75,252,572037.7939597128,1851.8705306131144,6718.700242381826,1743.3797308158885
252,0.95,252,625269.6296568825,2088.6499526480748,9105.484885752332,2324.311395367269
253,0.05,253,432244.2651134555,1340.484035552516,1285.2446573145935,474.8939144092367
253,0.25,253,480712.56478878274,1563.4702578874114,3726.7994182543066,971.8499890230178
253,0.5,253,514402.371389736,1718.4656415807228,5423.8985171023505,1317.2789426908478
253,0.75,253,548092.1779906892,1873.461025274035,7120.997615950401,1662.7078963586775
253,0.95,253,596560.4776660164,2096.4472476089295,9562.552376890106,2159.663970972455
254,0.05,254,406901.521875444,1303.1445015077386,1097.175454157853,301.4259205906683
254,0.25,254,457238.3303713505,1561.9741034103752,4633.431236769414,763.4048304286771
254,0.5,254,492226.91785009747,1741.8838441917367,7091.445530766444,1084.521523822493
254,0.75,254,527215.5053288444,1921.7935849730984,9549.459824763473,1405.6382172163092
254,0.95,254,577552.3138247511,2180.6231868757336,13085.715607375034,1867.617127054315
255,0.05,255,420243.95239747385,1357.7748811369238,1516.951891469118,487.2555880102101
255,0.25,255,466407.36759458366,1579.2434085716222,4200.868625915364,921.442216577875
255,0.5,255,498495.0731763378,1733.1838584626469,6066.430989816154,1223.240786842365
255,0.75,255,530582.778758092,1887.124308353672,7931.993353716955,1525.039357106854
255,0.95,255,576746.1939552019,2108.5928357883695,10615.910088163193,1959.2259856745197
256,0.05,256,413478.02858190535,1324.7041452611556,1447.7416153957593,381.561137194995
256,0.25,256,461374.94359134434,1563.2508425009723,4569.796473453767,808.4664445162964
256,0.5,256,494667.5867056997,1729.0621490485503,6739.904050367259,1105.2038447741497
256,0.75,256,527960.2298200551,1894.8734555961285,8910.01162728074,1401.9412450320021
256,0.95,256,575857.144829494,2133.420152835946,12032.066485338748,1828.8465523533027
257,0.05,257,396256.74858810694,1311.6876187536586,494.0909068922201,222.13009055572616
257,0.25,257,448887.50785270316,1589.3975865512998,4495.435667499441,795.4218067406066
257,0.5,257,485470.5964438669,1782.4308715836223,7276.728430637503,1193.9108639919614
257,0.75,257,522053.68503503065,1975.4641566159448,10058.021193775563,1592.3999212433155
257,0.95,257,574684.4442996267,2253.1741244135865,14059.365954382776,2165.6916374281977
258,0.05,258,418487.96846645797,1353.5149179582743,1533.4237542566407,470.7424343953063
258,0.25,258,464742.8316266367,1577.2834422403603,4297.545042952621,898.7297984963437
258,0.5,258,496894.10172809707,1732.822595809673,6218.856751049299,1196.2193250694324
258,0.75,258,529045.3718295575,1888.3617493789857,8140.168459145987,1493.708851642521
258,0.95,258,575300.2349897362,2112.130273661071,10904.289747841967,1921.6962157435582
259,0.05,259,418487.96846645797,1353.5149179582743,1533.4237542566407,470.7424343953063
259,0.25,259,464742.8316266367,1577.2834422403603,4297.545042952621,898.7297984963437
259,0.5,259,496894.10172809707,1732.822595809673,6218.856751049299,1196.2193250694324
259,0.75,259,529045.3718295575,1888.3617493789857,8140.168459145987,1493.708851642521
259,0.95,259,575300.2349897362,2112.130273661071,10904.289747841967,1921.6962157435582
260,0.05,260,411026.8894633166,1312.803914677102,1329.8262280650506,343.344179901066
260,0.25,260,459953.4774894261,1559.7658307340284,4627.104570068522,780.1235509997413
260,0.5,260,493961.83551489253,1731.4264675934241,6919.00815232181,1083.7243093958741
260,0.75,260,527970.1935403591,1903.0871044528194,9210.911734575098,1387.3250677920064
260,0.95,260,576896.7815664683,2150.049020509748,12508.190076578572,1824.1044388906826
261,0.05,261,415478.4929877485,1338.1624281058448,1513.648254202376,421.95332820663316
261,0.25,261,462489.47342593846,1569.4626505232864,4474.734417769108,845.3124134515792
261,0.5,261,495166.31271456805,1730.2370084479528,6532.954343938774,1139.5848719492137
261,0.75,261,527843.1520031976,1891.0113663726195,8591.174270108442,1433.8573304468487
261,0.95,261,574854.1324413875,2122.3115887900613,11552.260433675166,1857.2164156917947
262,0.05,262,411026.8894633166,1312.803914677102,1329.8262280650506,343.344179901066
262,0.25,262,459953.4774894261,1559.7658307340284,4627.104570068522,780.1235509997413
262,0.5,262,493961.83551489253,1731.4264675934241,6919.00815232181,1083.7243093958741
262,0.75,262,527970.1935403591,1903.0871044528194,9210.911734575098,1387.3250677920064
262,0.95,262,576896.7815664683,2150.049020509748,12508.190076578572,1824.1044388906826
263,0.05,263,409700.4902299803,1308.5527697203443,1257.990716287154,327.65004151275957
263,0.25,263,459118.277506527,1559.6105060167426,4638.178575866248,771.4712233563441
263,0.5,263,493468.0629775739,1734.11810455345,6987.711693944225,1079.9666705223651
263,0.75,263,527817.8484486209,1908.625703090157,9337.244812022202,1388.462117688387
263,0.95,263,577235.6357251673,2159.6834393865565,12717.432671601284,1832.2832995319711
264,0.05,264,415761.77208649233,1340.0199150224198,1519.372320588187,427.57079638362586
264,0.25,264,462665.11444879835,1570.3948106050673,4458.616373489609,850.8907135022902
264,0.5,264,495267.13564016187,1730.5259835549,6501.654077691525,1145.135946646278
264,0.75,264,527869.1568315255,1890.657156504733,8544.69178189344,1439.3811797902654
264,0.95,264,574772.4991938312,2121.032052087379,11483.935834794864,1862.7010969089297
265,0.05,265,418487.96846645797,1353.5149179582743,1533.4237542566407,470.7424343953063
265,0.25,265,464742.8316266367,1577.2834422403603,4297.545042952621,898.7297984963437
265,0.5,265,496894.10172809707,1732.822595809673,6218.856751049299,1196.2193250694324
265,0.75,265,529045.3718295575,1888.3617493789857,8140.168459145987,1493.708851642521
265,0.95,265,575300.2349897362,2112.130273661071,10904.289747841967,1921.6962157435582
266,0.05,266,384941.2591232019,1365.8254675758249,1761.311969200131,-473.6986453051486
266,0.25,266,430151.6474228302,1556.3199784734345,6730.957350117045,702.53103832417
266,0.5,266,461576.91400679125,1688.7307144322735,10185.305715542365,1520.1159510448485
266,0.75,266,493002.18059075234,1821.1414503911124,13639.654080967684,2337.700863765529
266,0.95,266,538212.5688903804,2011.6359612887215,18609.299461884595,3513.930547394837
267,0.05,267,415761.77208649233,1340.0199150224198,1519.372320588187,427.57079638362586
267,0.25,267,462665.11444879835,1570.3948106050673,4458.616373489609,850.8907135022902
267,0.5,267,495267.13564016187,1730.5259835549,6501.654077691525,1145.135946646278
267,0.75,267,527869.1568315255,1890.657156504733,8544.69178189344,1439.3811797902654
267,0.95,267,574772.4991938312,2121.032052087379,11483.935834794864,1862.7010969089297
268,0.05,268,418487.96846645797,1353.5149179582743,1533.4237542566407,470.7424343953063
268,0.25,268,464742.8316266367,1577.2834422403603,4297.545042952621,898.7297984963437
268,0.5,268,496894.10172809707,1732.822595809673,6218.856751049299,1196.2193250694324
268,0.75,268,529045.3718295575,1888.3617493789857,8140.168459145987,1493.708851642521
268,0.95,268,575300.2349897362,2112.130273661071,10904.289747841967,1921.6962157435582
269,0.05,269,412289.81470172346,1318.167715473965,1393.676259871735,361.2100882650782
269,0.25,269,460708.2898180913,1560.9462317274297,4604.870762168183,792.3384411691283
269,0.5,269,494363.46389084443,1729.6990312734215,6836.938370586525,1092.011236105624
269,0.75,269,528018.6379635974,1898.4518308194129,9069.005979004869,1391.6840310421196
269,0.95,269,576437.1130799651,2141.230347072877,12280.200481301308,1822.8123839461696
270,0.05,270,415761.77208649233,1340.0199150224198,1519.372320588187,427.57079638362586
270,0.25,270,462665.11444879835,1570.3948106050673,4458.616373489609,850.8907135022902
270,0.5,270,495267.13564016187,1730.5259835549,6501.654077691525,1145.135946646278
270,0.75,270,527869.1568315255,1890.657156504733,8544.69178189344,1439.3811797902654
270,0.95,270,574772.4991938312,2121.032052087379,11483.935834794864,1862.7010969089297
271,0.05,271,383391.58614943654,1343.2617098435217,2212.194281515138,-559.8343397661486
271,0.25,271,427263.7698109592,1521.3836827960376,7419.911915075775,755.8488519212849
271,0.5,271,457758.86439069733,1645.1943974352646,11039.741805587546,1670.3664350218562
271,0.75,271,488253.9589704356,1769.0051120744913,14659.571696099309,2584.884018122426
271,0.95,271,532126.1426319584,1947.1270850270066,19867.289329659943,3900.5672098098576
272,0.05,272,414609.16713694675,1332.2209294098898,1490.1823038449475,404.1435203858339
272,0.25,272,461987.31907622254,1566.573847439627,4520.878196611619,828.3642302096047
272,0.5,272,494919.3754230908,1729.470102057158,6627.483115240285,1123.2355949122793
272,0.75,272,527851.431769959,1892.3663566746893,8734.088033868951,1418.1069596149537
272,0.95,272,575229.5837092348,2126.7192747044273,11764.783926635619,1842.3276694387248
273,0.05,273,415761.77208649233,1340.0199150224198,1519.372320588187,427.57079638362586
273,0.25,273,462665.11444879835,1570.3948106050673,4458.616373489609,850.8907135022902
273,0.5,273,495267.13564016187,1730.5259835549,6501.654077691525,1145.135946646278
273,0.75,273,527869.1568315255,1890.657156504733,8544.69178189344,1439.3811797902654
273,0.95,273,574772.4991938312,2121.032052087379,11483.935834794864,1862.7010969089297
274,0.05,274,420243.95239747385,1357.7748811369238,1516.951891469118,487.2555880102101
274,0.25,274,466407.36759458366,1579.2434085716222,4200.868625915364,921.442216577875
274,0.5,274,498495.0731763378,1733.1838584626469,6066.430989816154,1223.240786842365
274,0.75,274,530582.778758092,1887.124308353672,7931.993353716955,1525.039357106854
274,0.95,274,576746.1939552019,2108.5928357883695,10615.910088163193,1959.2259856745197
275,0.05,275,420243.95239747385,1357.7748811369238,1516.951891469118,487.2555880102101
275,0.25,275,466407.36759458366,1579.2434085716222,4200.868625915364,921.442216577875
275,0.5,275,498495.0731763378,1733.1838584626469,6066.430989816154,1223.240786842365
275,0.75,275,530582.778758092,1887.124308353672,7931.993353716955,1525.039357106854
275,0.95,275,576746.1939552019,2108.5928357883695,10615.910088163193,1959.2259856745197
276,0.05,276,422382.69267882465,1359.432160839272,1484.4814148698051,498.09784893558333
276,0.25,276,468665.11859501863,1579.4806896507523,4095.08147151876,941.561080615819
276,0.5,276,500835.5472790117,1732.4341133966411,5909.6821818818735,1249.8077203787188
276,0.75,276,533005.9759630047,1885.3875371425297,7724.282892244978,1558.0543601416189
276,0.95,276,579288.4018791986,2105.436065954009,10334.882948893932,2001.5175918218554
277,0.05,277,409373.950294456,1307.691243878897,1239.7547015421378,324.16975488680407
277,0.25,277,458906.7507711819,1559.7146060113967,4639.360085684581,769.8847923488229
277,0.5,277,493336.4807110168,1734.8934009359493,7002.390121368299,1079.6966386859033
277,0.75,277,527766.2106508516,1910.0721958605018,9365.420157052025,1389.5084850229835
277,0.95,277,577299.0111275779,2162.095557993003,12765.025541194462,1835.2235224850021
278,0.05,278,417024.44024810777,1347.359324428186,1534.0692798490127,450.298459928537
278,0.25,278,463539.57086533355,1574.1501417422105,4383.841458529416,874.7749574619636
278,0.5,278,495871.7501456012,1731.7900594897478,6364.6882016511445,1169.8241175180326
278,0.75,278,528203.9294258689,1889.4299772372851,8345.534944772866,1464.8732775741016
278,0.95,278,574719.0600430948,2116.2207945513096,11195.307123453276,1889.3497751075283
279,0.05,279,418487.96846645797,1353.5149179582743,1533.4237542566407,470.7424343953063
279,0.25,279,464742.8316266367,1577.2834422403603,4297.545042952621,898.7297984963437
279,0.5,279,496894.10172809707,1732.822595809673,6218.856751049299,1196.2193250694324
279,0.75,279,529045.3718295575,1888.3617493789857,8140.168459145987,1493.708851642521
279,0.95,279,575300.2349897362,2112.130273661071,10904.289747841967,1921.6962157435582
280,0.05,280,420243.95239747385,1357.7748811369238,1516.951891469118,487.2555880102101
280,0.25,280,466407.36759458366,1579.2434085716222,4200.868625915364,921.442216577875
280,0.5,280,498495.0731763378,1733.1838584626469,6066.430989816154,1223.240786842365
280,0.75,280,530582.778758092,1887.124308353672,7931.993353716955,1525.039357106854
280,0.95,280,576746.1939552019,2108.5928357883695,10615.910088163193,1959.2259856745197
281,0.05,281,388696.7594939785,1343.8523019057538,269.9334518783935,88.42819174446004
281,0.25,281,441199.68188812444,1615.4577207101647,4582.403616269194,818.6444865972633
281,0.5,281,477693.9124118339,1804.2477977829424,7579.956383416595,1326.2101721122963
281,0.75,281,514188.1429355434,1993.0378748557193,10577.509150563996,1833.7758576273316
281,0.95,281,566691.0653296891,2264.64329366013,14889.979314954784,2563.992152480134
282,0.05,282,411955.7235068546,1316.6063355833394,1377.324489137266,356.15388696028026
282,0.25,282,460512.8678403357,1560.5207906119535,4612.068866109306,788.6690730618693
282,0.5,282,494264.42943106126,1730.0631692828933,6860.50574534202,1089.3058412040657
282,0.75,282,528015.9910217869,1899.6055479538331,9108.942624574738,1389.9426093462619
282,0.95,282,576573.135355268,2143.520002982447,12343.68700154677,1822.4577954478518
283,0.05,283,386065.8385743821,1372.8713753741363,635.7682369222748,-137.4470570418007
283,0.25,283,436037.0580759106,1613.5506193212395,5187.189976612423,760.6083961146295
283,0.5,283,470771.52848022897,1780.8442367115176,8350.835476798828,1384.8373196882162
283,0.75,283,505505.9988845473,1948.1378541017957,11514.480976985218,2009.0662432618044
283,0.95,283,555477.2183860762,2188.8170980488994,16065.902716675368,2907.121696418234
284,0.05,284,422382.69267882465,1359.432160839272,1484.4814148698051,498.09784893558333
284,0.25,284,468665.11859501863,1579.4806896507523,4095.08147151876,941.561080615819
284,0.5,284,500835.5472790117,1732.4341133966411,5909.6821818818735,1249.8077203787188
284,0.75,284,533005.9759630047,1885.3875371425297,7724.282892244978,1558.0543601416189
284,0.95,284,579288.4018791986,2105.436065954009,10334.882948893932,2001.5175918218554
285,0.05,285,418487.96846645797,1353.5149179582743,1533.4237542566407,470.7424343953063
285,0.25,285,464742.8316266367,1577.2834422403603,4297.545042952621,898.7297984963437
285,0.5,285,496894.10172809707,1732.822595809673,6218.856751049299,1196.2193250694324
285,0.75,285,529045.3718295575,1888.3617493789857,8140.168459145987,1493.708851642521
285,0.95,285,575300.2349897362,2112.130273661071,10904.289747841967,1921.6962157435582
286,0.05,286,424990.391003354,1357.7743047108033,1436.074964844227,501.3984154887595
286,0.25,286,471646.34363779926,1577.4437203808782,3981.5491740829602,957.6816523539959
286,0.5,286,504076.40682480705,1730.1336265596271,5750.881591176607,1274.8393432203818
286,0.75,286,536506.4700118147,1882.8235327383763,7520.214008270264,1591.997034086768
286,0.95,286,583162.4226462601,2102.4929484084505,10065.688217508965,2048.2802709520047
287,0.05,287,422382.69267882465,1359.432160839272,1484.4814148698051,498.09784893558333
287,0.25,287,468665.11859501863,1579.4806896507523,4095.08147151876,941.561080615819
287,0.5,287,500835.5472790117,1732.4341133966411,5909.6821818818735,1249.8077203787188
287,0.75,287,533005.9759630047,1885.3875371425297,7724.282892244978,1558.0543601416189
287,0.95,287,579288.4018791986,2105.436065954009,10334.882948893932,2001.5175918218554
288,0.05,288,422382.69267882465,1359.432160839272,1484.4814148698051,498.09784893558333
288,0.25,288,468665.11859501863,1579.4806896507523,4095.08147151876,941.561080615819
288,0.5,288,500835.5472790117,1732.4341133966411,5909.6821818818735,1249.8077203787188
288,0.75,288,533005.9759630047,1885.3875371425297,7724.282892244978,1558.0543601416189
288,0.95,288,579288.4018791986,2105.436065954009,10334.882948893932,2001.5175918218554
289,0.05,289,418487.96846645797,1353.5149179582743,1533.4237542566407,470.7424343953063
289,0.25,289,464742.8316266367,1577.2834422403603,4297.545042952621,898.7297984963437
289,0.5,289,496894.10172809707,1732.822595809673,6218.856751049299,1196.2193250694324
289,0.75,289,529045.3718295575,1888.3617493789857,8140.168459145987,1493.708851642521
289,0.95,289,575300.2349897362,2112.130273661071,10904.289747841967,1921.6962157435582
290,0.05,290,406901.521875444,1303.1445015077386,1097.175454157853,301.4259205906683
290,0.25,290,457238.3303713505,1561.9741034103752,4633.431236769414,763.4048304286771
290,0.5,290,492226.91785009747,1741.8838441917367,7091.445530766444,1084.521523822493
290,0.75,290,527215.5053288444,1921.7935849730984,9549.459824763473,1405.6382172163092
290,0.95,290,577552.3138247511,2180.6231868757336,13085.715607375034,1867.617127054315
291,0.05,291,418487.96846645797,1353.5149179582743,1533.4237542566407,470.7424343953063
291,0.25,291,464742.8316266367,1577.2834422403603,4297.545042952621,898.7297984963437
291,0.5,291,496894.10172809707,1732.822595809673,6218.856751049299,1196.2193250694324
291,0.75,291,529045.3718295575,1888.3617493789857,8140.168459145987,1493.708851642521
291,0.95,291,575300.2349897362,2112.130273661071,10904.289747841967,1921.6962157435582
292,0.05,292,422382.69267882465,1359.432160839272,1484.4814148698051,498.09784893558333
292,0.25,292,468665.11859501863,1579.4806896507523,4095.08147151876,941.561080615819
292,0.5,292,500835.5472790117,1732.4341133966411,5909.6821818818735,1249.8077203787188
292,0.75,292,533005.9759630047,1885.3875371425297,7724.282892244978,1558.0543601416189
292,0.95,292,579288.4018791986,2105.436065954009,10334.882948893932,2001.5175918218554
293,0.05,293,382605.80360807775,1333.280413709666,2351.1268346013358,-580.378423801146
293,0.25,293,426144.6047320492,1508.549082763377,7653.104627466002,788.3226664727072
293,0.5,293,456407.9686076062,1630.3764957978765,11338.453765783042,1739.6924346453843
293,0.75,293,486671.33248316305,1752.203908832376,15023.802904100072,2691.0622028180624
293,0.95,293,530210.1336071345,1927.4725778860868,20325.78069696475,4059.763293091919
294,0.05,294,420243.95239747385,1357.7748811369238,1516.951891469118,487.2555880102101
294,0.25,294,466407.36759458366,1579.2434085716222,4200.868625915364,921.442216577875
294,0.5,294,498495.0731763378,1733.1838584626469,6066.430989816154,1223.240786842365
294,0.75,294,530582.778758092,1887.124308353672,7931.993353716955,1525.039357106854
294,0.95,294,576746.1939552019,2108.5928357883695,10615.910088163193,1959.2259856745197
295,0.05,295,394024.14110592875,1318.3618280006012,391.7455534558794,197.84119591634567
295,0.25,295,446861.131539188,1597.1239727391073,4479.408535842726,806.1905296787806
295,0.5,295,483587.56925202295,1790.8886149241496,7320.700189335379,1229.0477691025976
295,0.75,295,520314.0069648578,1984.6532571091916,10161.991842828027,1651.9050085264153
295,0.95,295,573150.9973981172,2263.4154018476984,14249.65482521486,2260.2543422888502
296,0.05,296,412289.81470172346,1318.167715473965,1393.676259871735,361.2100882650782
296,0.25,296,460708.2898180913,1560.9462317274297,4604.870762168183,792.3384411691283
296,0.5,296,494363.46389084443,1729.6990312734215,6836.938370586525,1092.011236105624
296,0.75,296,528018.6379635974,1898.4518308194129,9069.005979004869,1391.6840310421196
296,0.95,296,576437.1130799651,2141.230347072877,12280.200481301308,1822.8123839461696
297,0.05,297,409700.4902299803,1308.5527697203443,1257.990716287154,327.65004151275957
297,0.25,297,459118.277506527,1559.6105060167426,4638.178575866248,771.4712233563441
297,0.5,297,493468.0629775739,1734.11810455345,6987.711693944225,1079.9666705223651
297,0.75,297,527817.8484486209,1908.625703090157,9337.244812022202,1388.462117688387
297,0.95,297,577235.6357251673,2159.6834393865565,12717.432671601284,1832.2832995319711
298,0.05,298,409700.4902299803,1308.5527697203443,1257.990716287154,327.65004151275957
298,0.25,298,459118.277506527,1559.6105060167426,4638.178575866248,771.4712233563441
298,0.5,298,493468.0629775739,1734.11810455345,6987.711693944225,1079.9666705223651
298,0.75,298,527817.8484486209,1908.625703090157,9337.244812022202,1388.462117688387
298,0.95,298,577235.6357251673,2159.6834393865565,12717.432671601284,1832.2832995319711
299,0.05,299,412289.81470172346,1318.167715473965,1393.676259871735,361.2100882650782
299,0.25,299,460708.2898180913,1560.9462317274297,4604.870762168183,792.3384411691283
299,0.5,299,494363.46389084443,1729.6990312734215,6836.938370586525,1092.011236105624
299,0.75,299,528018.6379635974,1898.4518308194129,9069.005979004869,1391.6840310421196
299,0.95,299,576437.1130799651,2141.230347072877,12280.200481301308,1822.8123839461696
300,0.05,300,420243.95239747385,1357.7748811369238,1516.951891469118,487.2555880102101
300,0.25,300,466407.36759458366,1579.2434085716222,4200.868625915364,921.442216577875
300,0.5,300,498495.0731763378,1733.1838584626469,6066.430989816154,1223.240786842365
300,0.75,300,530582.778758092,1887.124308353672,7931.993353716955,1525.039357106854
300,0.95,300,576746.1939552019,2108.5928357883695,10615.910088163193,1959.2259856745197
301,0.05,301,381659.28923798323,1322.0878338708978,2480.882375679409,-596.383421806918
301,0.25,301,424932.3599653661,1495.2239828076424,7885.862051592837,829.2161085382972
301,0.5,301,455011.0174301545,1615.569103482095,11642.806718176638,1820.135385456705
301,0.75,301,485089.674894943,1735.9142241565469,15399.751384760466,2811.0546623751097
301,0.95,301,528362.7456223256,1909.050373093292,20804.731060673854,4236.654192720335
302,0.05,302,395494.79912053864,1313.7639179513399,457.36829187876265,214.5593443840787
302,0.25,302,448210.13216074335,1591.9949101725754,4488.208019002413,799.1657954367568
302,0.5,302,484852.00709603005,1785.3903538154298,7290.002423920699,1205.519606186596
302,0.75,302,521493.88203131664,1978.7857974582842,10091.796828838984,1611.8734169364336
302,0.95,302,574209.2150715212,2257.016789679519,14122.636555962617,2196.4798679891137
303,0.05,303,413478.02858190535,1324.7041452611556,1447.7416153957593,381.561137194995
303,0.25,303,461374.94359134434,1563.2508425009723,4569.796473453767,808.4664445162964
303,0.5,303,494667.5867056997,1729.0621490485503,6739.904050367259,1105.2038447741497
303,0.75,303,527960.2298200551,1894.8734555961285,8910.01162728074,1401.9412450320021
303,0.95,303,575857.144829494,2133.420152835946,12032.066485338748,1828.8465523533027
304,0.05,304,406901.521875444,1303.1445015077386,1097.175454157853,301.4259205906683
304,0.25,304,457238.3303713505,1561.9741034103752,4633.431236769414,763.4048304286771
304,0.5,304,492226.91785009747,1741.8838441917367,7091.445530766444,1084.521523822493
304,0.75,304,527215.5053288444,1921.7935849730984,9549.459824763473,1405.6382172163092
304,0.95,304,577552.3138247511,2180.6231868757336,13085.715607375034,1867.617127054315
305,0.05,305,375923.85886002576,1265.0242311936986,2859.2133096286598,-612.5894355274045
305,0.25,305,418963.12627529725,1438.1013946433732,8783.21166772367,1088.5682355281492
305,0.5,305,448879.2695107763,1558.4055151246075,12900.920775026645,2271.0250850463117
305,0.75,305,478795.41274625534,1678.709635605841,17018.629882329646,3453.4819345644783
305,0.95,305,521834.680161527,1851.7867990555153,22942.62824042463,5154.6396056200265
306,0.05,306,412289.81470172346,1318.167715473965,1393.676259871735,361.2100882650782
306,0.25,306,460708.2898180913,1560.9462317274297,4604.870762168183,792.3384411691283
306,0.5,306,494363.46389084443,1729.6990312734215,6836.938370586525,1092.011236105624
306,0.75,306,528018.6379635974,1898.4518308194129,9069.005979004869,1391.6840310421196
306,0.95,306,576437.1130799651,2141.230347072877,12280.200481301308,1822.8123839461696
307,0.05,307,408892.65532979346,1306.5416745213747,1212.5620559315184,319.27431942128874
307,0.25,307,458591.01797428733,1559.9590353851372,4640.148479348421,767.8914294224612
307,0.5,307,493135.82843994827,1736.106784202704,7022.627841869789,1079.7204759345218
307,0.75,307,527680.6389056091,1912.2545330202713,9405.107204391166,1391.5495224465808
307,0.95,307,577379.0015501028,2165.671893884033,12832.69362780805,1840.1666324477537
308,0.05,308,420243.95239747385,1357.7748811369238,1516.951891469118,487.2555880102101
308,0.25,308,466407.36759458366,1579.2434085716222,4200.868625915364,921.442216577875
308,0.5,308,498495.0731763378,1733.1838584626469,6066.430989816154,1223.240786842365
308,0.75,308,530582.778758092,1887.124308353672,7931.993353716955,1525.039357106854
308,0.95,308,576746.1939552019,2108.5928357883695,10615.910088163193,1959.2259856745197
309,0.05,309,390540.6407986592,1332.9843681161906,279.8611239783604,140.00405701027717
309,0.25,309,443361.4562414676,1609.452749557459,4507.2551659912315,818.6988053835786
309,0.5,309,480076.6508881394,1801.623020939525,7445.6724130467155,1290.452404477101
309,0.75,309,516791.84553481115,1993.7932923215903,10384.089660102194,1762.206003570625
309,0.95,309,569612.6609776195,2270.2616737628605,14611.483702115074,2440.9007519439238
310,0.05,310,417024.44024810777,1347.359324428186,1534.0692798490127,450.298459928537
310,0.25,310,463539.57086533355,1574.1501417422105,4383.841458529416,874.7749574619636
310,0.5,310,495871.7501456012,1731.7900594897478,6364.6882016511445,1169.8241175180326
310,0.75,310,528203.9294258689,1889.4299772372851,8345.534944772866,1464.8732775741016
310,0.95,310,574719.0600430948,2116.2207945513096,11195.307123453276,1889.3497751075283
311,0.05,311,422382.69267882465,1359.432160839272,1484.4814148698051,498.09784893558333
311,0.25,311,468665.11859501863,1579.4806896507523,4095.08147151876,941.561080615819
311,0.5,311,500835.5472790117,1732.4341133966411,5909.6821818818735,1249.8077203787188
311,0.75,311,533005.9759630047,1885.3875371425297,7724.282892244978,1558.0543601416189
311,0.95,311,579288.4018791986,2105.436065954009,10334.882948893932,2001.5175918218554
312,0.05,312,417024.44024810777,1347.359324428186,1534.0692798490127,450.298459928537
312,0.25,312,463539.57086533355,1574.1501417422105,4383.841458529416,874.7749574619636
312,0.5,312,495871.7501456012,1731.7900594897478,6364.6882016511445,1169.8241175180326
312,0.75,312,528203.9294258689,1889.4299772372851,8345.534944772866,1464.8732775741016
312,0.95,312,574719.0600430948,2116.2207945513096,11195.307123453276,1889.3497751075283
313,0.05,313,382605.80360807775,1333.280413709666,2351.1268346013358,-580.378423801146
313,0.25,313,426144.6047320492,1508.549082763377,7653.104627466002,788.3226664727072
313,0.5,313,456407.9686076062,1630.3764957978765,11338.453765783042,1739.6924346453843
313,0.75,313,486671.33248316305,1752.203908832376,15023.802904100072,2691.0622028180624
313,0.95,313,530210.1336071345,1927.4725778860868,20325.78069696475,4059.763293091919
314,0.05,314,417024.44024810777,1347.359324428186,1534.0692798490127,450.298459928537
314,0.25,314,463539.57086533355,1574.1501417422105,4383.841458529416,874.7749574619636
314,0.5,314,495871.7501456012,1731.7900594897478,6364.6882016511445,1169.8241175180326
314,0.75,314,528203.9294258689,1889.4299772372851,8345.534944772866,1464.8732775741016
314,0.95,314,574719.0600430948,2116.2207945513096,11195.307123453276,1889.3497751075283
315,0.05,315,418487.96846645797,1353.5149179582743,1533.4237542566407,470.7424343953063
315,0.25,315,464742.8316266367,1577.2834422403603,4297.545042952621,898.7297984963437
315,0.5,315,496894.10172809707,1732.822595809673,6218.856751049299,1196.2193250694324
315,0.75,315,529045.3718295575,1888.3617493789857,8140.168459145987,1493.708851642521
315,0.95,315,575300.2349897362,2112.130273661071,10904.289747841967,1921.6962157435582
316,0.05,316,422382.69267882465,1359.432160839272,1484.4814148698051,498.09784893558333
316,0.25,316,468665.11859501863,1579.4806896507523,4095.08147151876,941.561080615819
316,0.5,316,500835.5472790117,1732.4341133966411,5909.6821818818735,1249.8077203787188
316,0.75,316,533005.9759630047,1885.3875371425297,7724.282892244978,1558.0543601416189
316,0.95,316,579288.4018791986,2105.436065954009,10334.882948893932,2001.5175918218554
317,0.05,317,418487.96846645797,1353.5149179582743,1533.4237542566407,470.7424343953063
317,0.25,317,464742.8316266367,1577.2834422403603,4297.545042952621,898.7297984963437
317,0.5,317,496894.10172809707,1732.822595809673,6218.856751049299,1196.2193250694324
317,0.75,317,529045.3718295575,1888.3617493789857,8140.168459145987,1493.708851642521
317,0.95,317,575300.2349897362,2112.130273661071,10904.289747841967,1921.6962157435582
318,0.05,318,417024.44024810777,1347.359324428186,1534.0692798490127,450.298459928537
318,0.25,318,463539.57086533355,1574.1501417422105,4383.841458529416,874.7749574619636
318,0.5,318,495871.7501456012,1731.7900594897478,6364.6882016511445,1169.8241175180326
318,0.75,318,528203.9294258689,1889.4299772372851,8345.534944772866,1464.8732775741016
318,0.95,318,574719.0600430948,2116.2207945513096,11195.307123453276,1889.3497751075283
319,0.05,319,417024.44024810777,1347.359324428186,1534.0692798490127,450.298459928537
319,0.25,319,463539.57086533355,1574.1501417422105,4383.841458529416,874.7749574619636
319,0.5,319,495871.7501456012,1731.7900594897478,6364.6882016511445,1169.8241175180326
319,0.75,319,528203.9294258689,1889.4299772372851,8345.534944772866,1464.8732775741016
319,0.95,319,574719.0600430948,2116.2207945513096,11195.307123453276,1889.3497751075283
320,0.05,320,412289.81470172346,1318.167715473965,1393.676259871735,361.2100882650782
320,0.25,320,460708.2898180913,1560.9462317274297,4604.870762168183,792.3384411691283
320,0.5,320,494363.46389084443,1729.6990312734215,6836.938370586525,1092.011236105624
320,0.75,320,528018.6379635974,1898.4518308194129,9069.005979004869,1391.6840310421196
320,0.95,320,576437.1130799651,2141.230347072877,12280.200481301308,1822.8123839461696
321,0.05,321,368958.94170678733,1207.6828315763232,2902.7093496013067,-575.4466764701021
321,0.25,321,412906.4107679731,1391.7274049894265,9357.79962193445,1395.5351542634082
321,0.5,321,443453.8354391632,1519.6548570720636,13844.665146893272,2765.5439463235634
321,0.75,321,474001.26011035324,1647.5823091547009,18331.530671852073,4135.552738383714
321,0.95,321,517948.7291715391,1831.626882567803,24786.620944185186,6106.534569117223
322,0.05,322,443817.98544679116,1291.0552303679594,1035.4139586378633,366.9571301934848
322,0.25,322,496612.8269841676,1526.4783695577457,3423.0238373920506,940.6304670086267
322,0.5,322,533309.9674416778,1690.1185236754407,5082.6264145936775,1339.384784756315
322,0.75,322,570007.1078991881,1853.7586777931363,6742.228991795309,1738.139102504003
322,0.95,322,622801.9494365648,2089.181816982923,9129.838870549496,2311.8124393191465
323,0.05,323,418487.96846645797,1353.5149179582743,1533.4237542566407,470.7424343953063
323,0.25,323,464742.8316266367,1577.2834422403603,4297.545042952621,898.7297984963437
323,0.5,323,496894.10172809707,1732.822595809673,6218.856751049299,1196.2193250694324
323,0.75,323,529045.3718295575,1888.3617493789857,8140.168459145987,1493.708851642521
323,0.95,323,575300.2349897362,2112.130273661071,10904.289747841967,1921.6962157435582
324,0.05,324,418487.96846645797,1353.5149179582743,1533.4237542566407,470.7424343953063
324,0.25,324,464742.8316266367,1577.2834422403603,4297.545042952621,898.7297984963437
324,0.5,324,496894.10172809707,1732.822595809673,6218.856751049299,1196.2193250694324
324,0.75,324,529045.3718295575,1888.3617493789857,8140.168459145987,1493.708851642521
324,0.95,324,575300.2349897362,2112.130273661071,10904.289747841967,1921.6962157435582
325,0.05,325,413478.02858190535,1324.7041452611556,1447.7416153957593,381.561137194995
325,0.25,325,461374.94359134434,1563.2508425009723,4569.796473453767,808.4664445162964
325,0.5,325,494667.5867056997,1729.0621490485503,6739.904050367259,1105.2038447741497
325,0.75,325,527960.2298200551,1894.8734555961285,8910.01162728074,1401.9412450320021
325,0.95,325,575857.144829494,2133.420152835946,12032.066485338748,1828.8465523533027
326,0.05,326,413489.5176161084,1324.7754318753935,1448.226565088461,381.77776765476983
326,0.25,326,461381.1715775195,1563.2797371373404,4569.3756708342025,808.6482618967639
326,0.5,326,494670.15779258683,1729.0615774658554,6738.853668818091,1105.3614639484297
326,0.75,326,527959.144007654,1894.8434177943702,8908.331666801983,1402.0746660000964
326,0.95,326,575850.7979690653,2133.3477230563176,12029.480772547728,1828.9451602420913
327,0.05,327,417024.44024810777,1347.359324428186,1534.0692798490127,450.298459928537
327,0.25,327,463539.57086533355,1574.1501417422105,4383.841458529416,874.7749574619636
327,0.5,327,495871.7501456012,1731.7900594897478,6364.6882016511445,1169.8241175180326
327,0.75,327,528203.9294258689,1889.4299772372851,8345.534944772866,1464.8732775741016
327,0.95,327,574719.0600430948,2116.2207945513096,11195.307123453276,1889.3497751075283
328,0.05,328,386491.3485705246,1364.8516576770844,447.3666548047131,-51.80823805566547
328,0.25,328,437541.88335259166,1618.125371076979,4918.988666292244,788.4149373446128
328,0.5,328,473026.57448481594,1794.173272049484,8027.16621262089,1372.4452513950946
328,0.75,328,508511.2656170403,1970.2211730219888,11135.343758949532,1956.4755654455766
328,0.95,328,559561.8003991075,2223.494886421884,15606.965770437066,2796.6987408458544
329,0.05,329,415761.77208649233,1340.0199150224198,1519.372320588187,427.57079638362586
329,0.25,329,462665.11444879835,1570.3948106050673,4458.616373489609,850.8907135022902
329,0.5,329,495267.13564016187,1730.5259835549,6501.654077691525,1145.135946646278
329,0.75,329,527869.1568315255,1890.657156504733,8544.69178189344,1439.3811797902654
329,0.95,329,574772.4991938312,2121.032052087379,11483.935834794864,1862.7010969089297
330,0.05,330,377687.4154143023,1281.1968756316585,2791.1448626041984,-615.7496969829442
330,0.25,330,420643.68475443334,1452.8654212818801,8567.071608229935,1008.288337804573
330,0.5,330,450502.13689865323,1572.1904263091749,12581.857691193338,2137.1401372506234
330,0.75,330,480360.5890428731,1691.5154313364699,16596.643774156775,3265.9919366966774
330,0.95,330,523316.85838300403,1863.1839769866913,22372.570519782472,4890.0299714841885
331,0.05,331,409700.4902299803,1308.5527697203443,1257.990716287154,327.65004151275957
331,0.25,331,459118.277506527,1559.6105060167426,4638.178575866248,771.4712233563441
331,0.5,331,493468.0629775739,1734.11810455345,6987.711693944225,1079.9666705223651
331,0.75,331,527817.8484486209,1908.625703090157,9337.244812022202,1388.462117688387
331,0.95,331,577235.6357251673,2159.6834393865565,12717.432671601284,1832.2832995319711
332,0.05,332,392212.00669108005,1325.2217728436433,323.6672538386265,171.9402438454581
332,0.25,332,445106.2751826331,1603.5631641621312,4482.3502449797825,813.8324277087008
332,0.5,332,481872.5262728573,1797.035345059238,7373.007161453776,1260.00495032402
332,0.75,332,518638.7773630815,1990.5075259563446,10263.664077927771,1706.1774729393392
332,0.95,332,571533.0458546346,2268.8489172748327,14422.347069068943,2348.069656802579
333,0.05,333,385718.31123650883,1378.4880386777515,1151.561876231779,-315.90886547589025
333,0.25,333,433242.3547192121,1592.335272763217,5883.533953752966,708.7477753002283
333,0.5,333,466275.8187473013,1740.9782416057067,9172.67809952855,1420.9758561565982
333,0.75,333,499309.28277539037,1889.6212104481965,12461.822245304134,2133.2039370129696
333,0.95,333,546833.3262580936,2103.4684445336616,17193.794322825313,3157.860577789082
334,0.05,334,460118.48850104783,1188.6881954726996,663.8152149454245,108.84860711349052
334,0.25,334,521658.701167926,1452.3475748777394,3091.98784379793,822.0115103159965
334,0.5,334,564434.6573458163,1635.6144433295894,4779.785163030314,1317.7235622099347
334,0.75,334,607210.6135237064,1818.881311781441,6467.582482262696,1813.435614103871
334,0.95,334,668750.8261905843,2082.54069118648,8895.7551111152,2526.5985173063764
335,0.05,335,422382.69267882465,1359.432160839272,1484.4814148698051,498.09784893558333
335,0.25,335,468665.11859501863,1579.4806896507523,4095.08147151876,941.561080615819
335,0.5,335,500835.5472790117,1732.4341133966411,5909.6821818818735,1249.8077203787188
335,0.75,335,533005.9759630047,1885.3875371425297,7724.282892244978,1558.0543601416189
335,0.95,335,579288.4018791986,2105.436065954009,10334.882948893932,2001.5175918218554
336,0.05,336,401020.28263125266,1303.0502728167355,751.105083005853,259.64145004350576
336,0.25,336,452858.1185265347,1574.613489858262,4560.988526093159,773.8598278617828
336,0.5,336,488890.0544026143,1763.3742329284166,7209.198536132443,1131.2876273802456
336,0.75,336,524921.990278694,1952.134975998571,9857.408546171726,1488.7154268987085
336,0.95,336,576759.8261739758,2223.6981930400984,13667.291989259038,2002.9338047169858
337,0.05,337,386238.7725276529,1369.1933401543185,534.3632512185959,-93.81384070978675
337,0.25,337,436770.73836734035,1616.3469246432278,5045.459606072527,775.0074623493651
337,0.5,337,471894.9776682636,1788.1407882188116,8181.075354331557,1378.9160348993323
337,0.75,337,507019.21696918685,1959.9346517943954,11316.691102590592,1982.824607449299
337,0.95,337,557551.1828088744,2207.088236283305,15827.787457444505,2851.6459105084505
338,0.05,338,389563.8967505007,1338.3611338157039,267.59820789414425,115.65682025629258
338,0.25,338,442258.33658260904,1612.7492680627156,4538.1976813162355,819.7171563227955
338,0.5,338,478885.68886814814,1803.4735814448893,7506.646570456089,1309.1021092997432
338,0.75,338,515513.04115368717,1994.1978948270628,10475.095459595936,1798.4870622766907
338,0.95,338,568207.4809857955,2268.5860290740748,14745.694933018025,2502.547398343194
339,0.05,339,420243.95239747385,1357.7748811369238,1516.951891469118,487.2555880102101
339,0.25,339,466407.36759458366,1579.2434085716222,4200.868625915364,921.442216577875
339,0.5,339,498495.0731763378,1733.1838584626469,6066.430989816154,1223.240786842365
339,0.75,339,530582.778758092,1887.124308353672,7931.993353716955,1525.039357106854
339,0.95,339,576746.1939552019,2108.5928357883695,10615.910088163193,1959.2259856745197
340,0.05,340,358638.46401031374,1134.6642775381242,2559.810630450468,-487.9840556828392
340,0.25,340,404251.4176169841,1338.5716193826631,9651.719771877193,1795.1758606751778
340,0.5,340,435956.5031223707,1480.3054734124958,14581.23141158139,3382.176364848133
340,0.75,340,467661.58862775756,1622.0393274423284,19510.743051285608,4969.17686902108
340,0.95,340,513274.5422344276,1825.9466692868687,26602.65219271231,7252.336785379114
341,0.05,341,385611.84333692386,1377.1613056102894,1299.5145048935137,-358.6117931103697
341,0.25,341,432523.0666174466,1584.6256961932359,6084.1573358527,701.0506729614232
341,0.5,341,465130.5657523804,1728.8320174824903,9409.91236974979,1437.6109357185005
341,0.75,341,497738.06488731434,1873.0383387717447,12735.66740364688,2174.1711984755793
341,0.95,341,544649.2881678372,2080.5027293546905,17520.310234606055,3233.8336645473687
342,0.05,342,414642.9971489796,1332.4545465576048,1491.2579860195501,404.8416925242377
342,0.25,342,462006.0482450946,1566.6840661651413,4519.200743045438,829.0080980234469
342,0.5,342,494927.6081543117,1729.4945478340303,6623.891985905095,1123.841716359849
342,0.75,342,527849.1680635288,1892.3050295029195,8728.58322876476,1418.6753346962514
342,0.95,342,575212.2191596436,2126.5345491104563,11756.525985790635,1842.8417401954584
343,0.05,343,417024.44024810777,1347.359324428186,1534.0692798490127,450.298459928537
343,0.25,343,463539.57086533355,1574.1501417422105,4383.841458529416,874.7749574619636
343,0.5,343,495871.7501456012,1731.7900594897478,6364.6882016511445,1169.8241175180326
343,0.75,343,528203.9294258689,1889.4299772372851,8345.534944772866,1464.8732775741016
343,0.95,343,574719.0600430948,2116.2207945513096,11195.307123453276,1889.3497751075283
344,0.05,344,358638.46401031374,1134.6642775381242,2559.810630450468,-487.9840556828392
344,0.25,344,404251.4176169841,1338.5716193826631,9651.719771877193,1795.1758606751778
344,0.5,344,435956.5031223707,1480.3054734124958,14581.23141158139,3382.176364848133
344,0.75,344,467661.58862775756,1622.0393274423284,19510.743051285608,4969.17686902108
344,0.95,344,513274.5422344276,1825.9466692868687,26602.65219271231,7252.336785379114
345,0.05,345,412289.81470172346,1318.167715473965,1393.676259871735,361.2100882650782
345,0.25,345,460708.2898180913,1560.9462317274297,4604.870762168183,792.3384411691283
345,0.5,345,494363.46389084443,1729.6990312734215,6836.938370586525,1092.011236105624
345,0.75,345,528018.6379635974,1898.4518308194129,9069.005979004869,1391.6840310421196
345,0.95,345,576437.1130799651,2141.230347072877,12280.200481301308,1822.8123839461696
346,0.05,346,420243.95239747385,1357.7748811369238,1516.951891469118,487.2555880102101
346,0.25,346,466407.36759458366,1579.2434085716222,4200.868625915364,921.442216577875
346,0.5,346,498495.0731763378,1733.1838584626469,6066.430989816154,1223.240786842365
346,0.75,346,530582.778758092,1887.124308353672,7931.993353716955,1525.039357106854
346,0.95,346,576746.1939552019,2108.5928357883695,10615.910088163193,1959.2259856745197
347,0.05,347,406901.521875444,1303.1445015077386,1097.175454157853,301.4259205906683
347,0.25,347,457238.3303713505,1561.9741034103752,4633.431236769414,763.4048304286771
347,0.5,347,492226.91785009747,1741.8838441917367,7091.445530766444,1084.521523822493
347,0.75,347,527215.5053288444,1921.7935849730984,9549.459824763473,1405.6382172163092
347,0.95,347,577552.3138247511,2180.6231868757336,13085.715607375034,1867.617127054315
348,0.05,348,417024.44024810777,1347.359324428186,1534.0692798490127,450.298459928537
348,0.25,348,463539.57086533355,1574.1501417422105,4383.841458529416,874.7749574619636
348,0.5,348,495871.7501456012,1731.7900594897478,6364.6882016511445,1169.8241175180326
348,0.75,348,528203.9294258689,1889.4299772372851,8345.534944772866,1464.8732775741016
348,0.95,348,574719.0600430948,2116.2207945513096,11195.307123453276,1889.3497751075283
349,0.05,349,418487.96846645797,1353.5149179582743,1533.4237542566407,470.7424343953063
349,0.25,349,464742.8316266367,1577.2834422403603,4297.545042952621,898.7297984963437
349,0.5,349,496894.10172809707,1732.822595809673,6218.856751049299,1196.2193250694324
349,0.75,349,529045.3718295575,1888.3617493789857,8140.168459145987,1493.708851642521
349,0.95,349,575300.2349897362,2112.130273661071,10904.289747841967,1921.6962157435582
350,0.05,350,420243.95239747385,1357.7748811369238,1516.951891469118,487.2555880102101
350,0.25,350,466407.36759458366,1579.2434085716222,4200.868625915364,921.442216577875
350,0.5,350,498495.0731763378,1733.1838584626469,6066.430989816154,1223.240786842365
350,0.75,350,530582.778758092,1887.124308353672,7931.993353716955,1525.039357106854
350,0.95,350,576746.1939552019,2108.5928357883695,10615.910088163193,1959.2259856745197
351,0.05,351,418487.96846645797,1353.5149179582743,1533.4237542566407,470.7424343953063
351,0.25,351,464742.8316266367,1577.2834422403603,4297.545042952621,898.7297984963437
351,0.5,351,496894.10172809707,1732.822595809673,6218.856751049299,1196.2193250694324
351,0.75,351,529045.3718295575,1888.3617493789857,8140.168459145987,1493.708851642521
351,0.95,351,575300.2349897362,2112.130273661071,10904.289747841967,1921.6962157435582
352,0.05,352,385866.87574358925,1377.7099053942384,875.036928255432,-227.08281378168272
352,0.25,352,434634.5183822789,1604.9198555892126,5511.801040841844,731.9838759755337
352,0.5,352,468532.3951365196,1762.851108204981,8734.7671290621,1398.6210700132
352,0.75,352,502430.27189076034,1920.7823608207495,11957.733217282344,2065.2582640508676
352,0.95,352,551197.9145294499,2147.992311015724,16594.497329868762,3024.3249538080786
353,0.05,353,420243.95239747385,1357.7748811369238,1516.951891469118,487.2555880102101
353,0.25,353,466407.36759458366,1579.2434085716222,4200.868625915364,921.442216577875
353,0.5,353,498495.0731763378,1733.1838584626469,6066.430989816154,1223.240786842365
353,0.75,353,530582.778758092,1887.124308353672,7931.993353716955,1525.039357106854
353,0.95,353,576746.1939552019,2108.5928357883695,10615.910088163193,1959.2259856745197
354,0.05,354,386847.2640020536,1359.9955793872832,376.4523982918781,-12.087926374779954
354,0.25,354,438362.67009201966,1618.8893205269487,4808.926907319074,800.0317106082825
354,0.5,354,474170.4883931844,1798.8436438190556,7889.893435402095,1364.5275499521847
354,0.75,354,509978.30669434916,1978.7979671111625,10970.859963485118,1929.0233892960878
354,0.95,354,561493.7127843151,2237.691708250828,15403.334472512279,2741.1430262791464
355,0.05,355,389563.8967505007,1338.3611338157039,267.59820789414425,115.65682025629258
355,0.25,355,442258.33658260904,1612.7492680627156,4538.1976813162355,819.7171563227955
355,0.5,355,478885.68886814814,1803.4735814448893,7506.646570456089,1309.1021092997432
355,0.75,355,515513.04115368717,1994.1978948270628,10475.095459595936,1798.4870622766907
355,0.95,355,568207.4809857955,2268.5860290740748,14745.694933018025,2502.547398343194
356,0.05,356,418487.96846645797,1353.5149179582743,1533.4237542566407,470.7424343953063
356,0.25,356,464742.8316266367,1577.2834422403603,4297.545042952621,898.7297984963437
356,0.5,356,496894.10172809707,1732.822595809673,6218.856751049299,1196.2193250694324
356,0.75,356,529045.3718295575,1888.3617493789857,8140.168459145987,1493.708851642521
356,0.95,356,575300.2349897362,2112.130273661071,10904.289747841967,1921.6962157435582
357,0.05,357,365946.4807025095,1185.2307238229942,2840.691767531248,-552.9953431753988
357,0.25,357,410386.0197813205,1375.0312625379725,9498.849462592101,1518.8617407622316
357,0.5,357,441275.47715922736,1506.9596257134458,14126.865022614598,2958.9878629955992
357,0.75,357,472164.93453713437,1638.8879888889203,18754.880582637117,4399.113985228961
357,0.95,357,516604.4736159453,1828.688527603897,25413.03827769797,6470.971069166598
358,0.05,358,420243.95239747385,1357.7748811369238,1516.951891469118,487.2555880102101
358,0.25,358,466407.36759458366,1579.2434085716222,4200.868625915364,921.442216577875
358,0.5,358,498495.0731763378,1733.1838584626469,6066.430989816154,1223.240786842365
358,0.75,358,530582.778758092,1887.124308353672,7931.993353716955,1525.039357106854
358,0.95,358,576746.1939552019,2108.5928357883695,10615.910088163193,1959.2259856745197
359,0.05,359,418487.96846645797,1353.5149179582743,1533.4237542566407,470.7424343953063
359,0.25,359,464742.8316266367,1577.2834422403603,4297.545042952621,898.7297984963437
359,0.5,359,496894.10172809707,1732.822595809673,6218.856751049299,1196.2193250694324
359,0.75,359,529045.3718295575,1888.3617493789857,8140.168459145987,1493.708851642521
359,0.95,359,575300.2349897362,2112.130273661071,10904.289747841967,1921.6962157435582
360,0.05,360,415257.90075651754,1336.6797832669313,1508.5332907377579,417.4919000352385
360,0.25,360,462357.2534123589,1568.727098615259,4486.974691175716,840.9634099862935
360,0.5,360,495095.5193023244,1730.0207529980876,6557.2580604127525,1135.3140137176451
360,0.75,360,527833.7851922899,1891.3144073809153,8627.54142964979,1429.6646174489956
360,0.95,360,574933.1378481315,2123.361722729244,11605.982830087749,1853.1361274000492
361,0.05,361,401020.28263125266,1303.0502728167355,751.105083005853,259.64145004350576
361,0.25,361,452858.1185265347,1574.613489858262,4560.988526093159,773.8598278617828
361,0.5,361,488890.0544026143,1763.3742329284166,7209.198536132443,1131.2876273802456
361,0.75,361,524921.990278694,1952.134975998571,9857.408546171726,1488.7154268987085
361,0.95,361,576759.8261739758,2223.6981930400984,13667.291989259038,2002.9338047169858
362,0.05,362,415761.77208649233,1340.0199150224198,1519.372320588187,427.57079638362586
362,0.25,362,462665.11444879835,1570.3948106050673,4458.616373489609,850.8907135022902
362,0.5,362,495267.13564016187,1730.5259835549,6501.654077691525,1145.135946646278
362,0.75,362,527869.1568315255,1890.657156504733,8544.69178189344,1439.3811797902654
362,0.95,362,574772.4991938312,2121.032052087379,11483.935834794864,1862.7010969089297
363,0.05,363,417024.44024810777,1347.359324428186,1534.0692798490127,450.298459928537
363,0.25,363,463539.57086533355,1574.1501417422105,4383.841458529416,874.7749574619636
363,0.5,363,495871.7501456012,1731.7900594897478,6364.6882016511445,1169.8241175180326
363,0.75,363,528203.9294258689,1889.4299772372851,8345.534944772866,1464.8732775741016
363,0.95,363,574719.0600430948,2116.2207945513096,11195.307123453276,1889.3497751075283
364,0.05,364,424990.391003354,1357.7743047108033,1436.074964844227,501.3984154887595
364,0.25,364,471646.34363779926,1577.4437203808782,3981.5491740829602,957.6816523539959
364,0.5,364,504076.40682480705,1730.1336265596271,5750.881591176607,1274.8393432203818
364,0.75,364,536506.4700118147,1882.8235327383763,7520.214008270264,1591.997034086768
364,0.95,364,583162.4226462601,2102.4929484084505,10065.688217508965,2048.2802709520047
365,0.05,365,418487.96846645797,1353.5149179582743,1533.4237542566407,470.7424343953063
365,0.25,365,464742.8316266367,1577.2834422403603,4297.545042952621,898.7297984963437
365,0.5,365,496894.10172809707,1732.822595809673,6218.856751049299,1196.2193250694324
365,0.75,365,529045.3718295575,1888.3617493789857,8140.168459145987,1493.708851642521
365,0.95,365,575300.2349897362,2112.130273661071,10904.289747841967,1921.6962157435582
366,0.05,366,412289.81470172346,1318.167715473965,1393.676259871735,361.2100882650782
366,0.25,366,460708.2898180913,1560.9462317274297,4604.870762168183,792.3384411691283
366,0.5,366,494363.46389084443,1729.6990312734215,6836.938370586525,1092.011236105624
366,0.75,366,528018.6379635974,1898.4518308194129,9069.005979004869,1391.6840310421196
366,0.95,366,576437.1130799651,2141.230347072877,12280.200481301308,1822.8123839461696
367,0.05,367,418487.96846645797,1353.5149179582743,1533.4237542566407,470.7424343953063
367,0.25,367,464742.8316266367,1577.2834422403603,4297.545042952621,898.7297984963437
367,0.5,367,496894.10172809707,1732.822595809673,6218.856751049299,1196.2193250694324
367,0.75,367,529045.3718295575,1888.3617493789857,8140.168459145987,1493.708851642521
367,0.95,367,575300.2349897362,2112.130273661071,10904.289747841967,1921.6962157435582
368,0.05,368,396699.079527981,1310.573399568008,516.1225166989252,226.24900506234962
368,0.25,368,449274.6991002173,1587.912941659084,4500.272623103167,793.2458505672821
368,0.5,368,485819.46066971787,1780.6887476690806,7269.613562501813,1187.3594092514054
368,0.75,368,522364.2222392183,1973.464553679077,10038.954501900453,1581.4729679355278
368,0.95,368,574939.8418114546,2250.8040957701533,14023.104608304684,2148.469813440462
369,0.05,369,386206.36082525074,1369.8301290070044,549.6635509989192,-100.70252821406325
369,0.25,369,436651.1458121035,1615.967932722923,5067.141009189342,772.7496222449076
369,0.5,369,471714.78661687596,1787.0557377402272,8207.192195430453,1379.8770482381267
369,0.75,369,506778.4274216484,1958.1435427575316,11347.243381671567,1987.004474231347
369,0.95,369,557223.2124085012,2204.281346473449,15864.720839861977,2860.4566246903187
370,0.05,370,408321.7364030773,1305.3530884748925,1179.8905466720435,313.79319738733943
370,0.25,370,458210.61693576846,1560.3799277367445,4639.746080980705,766.0204603853362
370,0.5,370,492887.8543867038,1737.6464081030401,7044.655363932769,1080.3588863697037
370,0.75,370,527565.0918376392,1914.9128884693362,9449.56464688483,1394.6973123540704
370,0.95,370,577453.9723703301,2169.9397277311873,12909.420181193489,1846.924575352069
371,0.05,371,395333.6829000219,1314.2289707933246,449.82056454457233,212.8727650323426
371,0.25,371,448065.1222124437,1592.5499946004682,4486.884312701263,799.9527141142286
371,0.5,371,484718.1924485699,1786.0080182541246,7293.004969340531,1208.0258273935565
371,0.75,371,521371.26268469624,1979.466041907781,10099.125625979803,1616.0989406728845
371,0.95,371,574102.7019971178,2257.787065714926,14136.189374136498,2203.1788897547704
372,0.05,372,422382.69267882465,1359.432160839272,1484.4814148698051,498.09784893558333
372,0.25,372,468665.11859501863,1579.4806896507523,4095.08147151876,941.561080615819
372,0.5,372,500835.5472790117,1732.4341133966411,5909.6821818818735,1249.8077203787188
372,0.75,372,533005.9759630047,1885.3875371425297,7724.282892244978,1558.0543601416189
372,0.95,372,579288.4018791986,2105.436065954009,10334.882948893932,2001.5175918218554
373,0.05,373,422382.69267882465,1359.432160839272,1484.4814148698051,498.09784893558333
373,0.25,373,468665.11859501863,1579.4806896507523,4095.08147151876,941.561080615819
373,0.5,373,500835.5472790117,1732.4341133966411,5909.6821818818735,1249.8077203787188
373,0.75,373,533005.9759630047,1885.3875371425297,7724.282892244978,1558.0543601416189
373,0.95,373,579288.4018791986,2105.436065954009,10334.882948893932,2001.5175918218554
374,0.05,374,420243.95239747385,1357.7748811369238,1516.951891469118,487.2555880102101
374,0.25,374,466407.36759458366,1579.2434085716222,4200.868625915364,921.442216577875
374,0.5,374,498495.0731763378,1733.1838584626469,6066.430989816154,1223.240786842365
374,0.75,374,530582.778758092,1887.124308353672,7931.993353716955,1525.039357106854
374,0.95,374,576746.1939552019,2108.5928357883695,10615.910088163193,1959.2259856745197
375,0.05,375,420243.95239747385,1357.7748811369238,1516.951891469118,487.2555880102101
375,0.25,375,466407.36759458366,1579.2434085716222,4200.868625915364,921.442216577875
375,0.5,375,498495.0731763378,1733.1838584626469,6066.430989816154,1223.240786842365
375,0.75,375,530582.778758092,1887.124308353672,7931.993353716955,1525.039357106854
375,0.95,375,576746.1939552019,2108.5928357883695,10615.910088163193,1959.2259856745197
376,0.05,376,385240.75266421837,1370.8509066507704,1606.1500110528932,-437.9884604391991
376,0.25,376,430987.3222646208,1566.568773577359,6509.05425804539,697.2153236011904
376,0.5,376,462785.2828454238,1702.6102095112947,9917.011561491963,1486.2835639393063
376,0.75,376,494583.2434262267,1838.6516454452305,13324.968864938543,2275.351804277422
376,0.95,376,540329.8130266292,2034.369512371818,18227.873111931018,3410.5555883178095
377,0.05,377,415761.77208649233,1340.0199150224198,1519.372320588187,427.57079638362586
377,0.25,377,462665.11444879835,1570.3948106050673,4458.616373489609,850.8907135022902
377,0.5,377,495267.13564016187,1730.5259835549,6501.654077691525,1145.135946646278
377,0.75,377,527869.1568315255,1890.657156504733,8544.69178189344,1439.3811797902654
377,0.95,377,574772.4991938312,2121.032052087379,11483.935834794864,1862.7010969089297
378,0.05,378,413478.02858190535,1324.7041452611556,1447.7416153957593,381.561137194995
378,0.25,378,461374.94359134434,1563.2508425009723,4569.796473453767,808.4664445162964
378,0.5,378,494667.5867056997,1729.0621490485503,6739.904050367259,1105.2038447741497
378,0.75,378,527960.2298200551,1894.8734555961285,8910.01162728074,1401.9412450320021
378,0.95,378,575857.144829494,2133.420152835946,12032.066485338748,1828.8465523533027
379,0.05,379,403979.6358219689,1301.464306624925,924.1904356003488,279.7254698124593
379,0.25,379,455130.9509072686,1567.2388683166466,4603.524395178249,765.195326788074
379,0.5,379,490685.69337093696,1751.9759777846145,7160.990828885183,1102.6403310828418
379,0.75,379,526240.4358346055,1936.7130872525827,9718.457262592121,1440.0853353776083
379,0.95,379,577391.750919905,2202.487648944304,13397.79122217001,1925.555192353223
380,0.05,380,323898.7054828818,935.5138765994822,64.7487672941279,-10.71508096398452
380,0.25,380,373156.3769914628,1192.4124786698526,8476.811766530642,2864.087191452549
380,0.5,380,407394.8676720452,1370.9800017268212,14323.948502453248,4862.332090127962
380,0.75,380,441633.3583526276,1549.547524783789,20171.08523837587,6860.576988803356
380,0.95,380,490891.02986120863,1806.4461268541602,28583.14823761237,9735.379261219907
381,0.05,381,388696.7594939785,1343.8523019057538,269.9334518783935,88.42819174446004
381,0.25,381,441199.68188812444,1615.4577207101647,4582.403616269194,818.6444865972633
381,0.5,381,477693.9124118339,1804.2477977829424,7579.956383416595,1326.2101721122963
381,0.75,381,514188.1429355434,1993.0378748557193,10577.509150563996,1833.7758576273316
381,0.95,381,566691.0653296891,2264.64329366013,14889.979314954784,2563.992152480134
382,0.05,382,418487.96846645797,1353.5149179582743,1533.4237542566407,470.7424343953063
382,0.25,382,464742.8316266367,1577.2834422403603,4297.545042952621,898.7297984963437
382,0.5,382,496894.10172809707,1732.822595809673,6218.856751049299,1196.2193250694324
382,0.75,382,529045.3718295575,1888.3617493789857,8140.168459145987,1493.708851642521
382,0.95,382,575300.2349897362,2112.130273661071,10904.289747841967,1921.6962157435582
383,0.05,383,428318.95926870365,1351.6658045321265,1368.3178112714895,494.501629103847
383,0.25,383,475694.2898599479,1572.2454091084157,3855.561166755089,968.6865953024227
383,0.5,383,508624.3851173995,1725.5679780466614,5584.417928330401,1298.2875904130822
383,0.75,383,541554.4803748511,1878.8905469849071,7313.274689905715,1627.8885855237422
383,0.95,383,588929.8109660952,2099.4701515611955,9800.518045389304,2102.0735517223166
384,0.05,384,424990.391003354,1357.7743047108033,1436.074964844227,501.3984154887595
384,0.25,384,471646.34363779926,1577.4437203808782,3981.5491740829602,957.6816523539959
384,0.5,384,504076.40682480705,1730.1336265596271,5750.881591176607,1274.8393432203818
384,0.75,384,536506.4700118147,1882.8235327383763,7520.214008270264,1591.997034086768
384,0.95,384,583162.4226462601,2102.4929484084505,10065.688217508965,2048.2802709520047
385,0.05,385,386847.2640020536,1359.9955793872832,376.4523982918781,-12.087926374779954
385,0.25,385,438362.67009201966,1618.8893205269487,4808.926907319074,800.0317106082825
385,0.5,385,474170.4883931844,1798.8436438190556,7889.893435402095,1364.5275499521847
385,0.75,385,509978.30669434916,1978.7979671111625,10970.859963485118,1929.0233892960878
385,0.95,385,561493.7127843151,2237.691708250828,15403.334472512279,2741.1430262791464
386,0.05,386,417024.44024810777,1347.359324428186,1534.0692798490127,450.298459928537
386,0.25,386,463539.57086533355,1574.1501417422105,4383.841458529416,874.7749574619636
386,0.5,386,495871.7501456012,1731.7900594897478,6364.6882016511445,1169.8241175180326
386,0.75,386,528203.9294258689,1889.4299772372851,8345.534944772866,1464.8732775741016
386,0.95,386,574719.0600430948,2116.2207945513096,11195.307123453276,1889.3497751075283
387,0.05,387,415761.77208649233,1340.0199150224198,1519.372320588187,427.57079638362586
387,0.25,387,462665.11444879835,1570.3948106050673,4458.616373489609,850.8907135022902
387,0.5,387,495267.13564016187,1730.5259835549,6501.654077691525,1145.135946646278
387,0.75,387,527869.1568315255,1890.657156504733,8544.69178189344,1439.3811797902654
387,0.95,387,574772.4991938312,2121.032052087379,11483.935834794864,1862.7010969089297
388,0.05,388,417024.44024810777,1347.359324428186,1534.0692798490127,450.298459928537
388,0.25,388,463539.57086533355,1574.1501417422105,4383.841458529416,874.7749574619636
388,0.5,388,495871.7501456012,1731.7900594897478,6364.6882016511445,1169.8241175180326
388,0.75,388,528203.9294258689,1889.4299772372851,8345.534944772866,1464.8732775741016
388,0.95,388,574719.0600430948,2116.2207945513096,11195.307123453276,1889.3497751075283
389,0.05,389,418487.96846645797,1353.5149179582743,1533.4237542566407,470.7424343953063
389,0.25,389,464742.8316266367,1577.2834422403603,4297.545042952621,898.7297984963437
389,0.5,389,496894.10172809707,1732.822595809673,6218.856751049299,1196.2193250694324
389,0.75,389,529045.3718295575,1888.3617493789857,8140.168459145987,1493.708851642521
389,0.95,389,575300.2349897362,2112.130273661071,10904.289747841967,1921.6962157435582
390,0.05,390,417024.44024810777,1347.359324428186,1534.0692798490127,450.298459928537
390,0.25,390,463539.57086533355,1574.1501417422105,4383.841458529416,874.7749574619636
390,0.5,390,495871.7501456012,1731.7900594897478,6364.6882016511445,1169.8241175180326
390,0.75,390,528203.9294258689,1889.4299772372851,8345.534944772866,1464.8732775741016
390,0.95,390,574719.0600430948,2116.2207945513096,11195.307123453276,1889.3497751075283
391,0.05,391,401020.28263125266,1303.0502728167355,751.105083005853,259.64145004350576
391,0.25,391,452858.1185265347,1574.613489858262,4560.988526093159,773.8598278617828
391,0.5,391,488890.0544026143,1763.3742329284166,7209.198536132443,1131.2876273802456
391,0.75,391,524921.990278694,1952.134975998571,9857.408546171726,1488.7154268987085
391,0.95,391,576759.8261739758,2223.6981930400984,13667.291989259038,2002.9338047169858
392,0.05,392,424990.391003354,1357.7743047108033,1436.074964844227,501.3984154887595
392,0.25,392,471646.34363779926,1577.4437203808782,3981.5491740829602,957.6816523539959
392,0.5,392,504076.40682480705,1730.1336265596271,5750.881591176607,1274.8393432203818
392,0.75,392,536506.4700118147,1882.8235327383763,7520.214008270264,1591.997034086768
392,0.95,392,583162.4226462601,2102.4929484084505,10065.688217508965,2048.2802709520047
393,0.05,393,417783.956089719,1350.8759679555988,1535.6650685507993,461.7250681953566
393,0.25,393,464140.04721448635,1575.9546155018072,4338.602862398104,887.784783728901
393,0.5,393,496361.6798121029,1732.404422006902,6286.895515983552,1183.9344220065761
393,0.75,393,528583.3124097196,1888.8542285119963,8235.188169568997,1480.0840602842518
393,0.95,393,574939.403534487,2113.932876058205,11038.12596341629,1906.143775817793
394,0.05,394,414609.16713694675,1332.2209294098898,1490.1823038449475,404.1435203858339
394,0.25,394,461987.31907622254,1566.573847439627,4520.878196611619,828.3642302096047
394,0.5,394,494919.3754230908,1729.470102057158,6627.483115240285,1123.2355949122793
394,0.75,394,527851.431769959,1892.3663566746893,8734.088033868951,1418.1069596149537
394,0.95,394,575229.5837092348,2126.7192747044273,11764.783926635619,1842.3276694387248
395,0.05,395,415619.41904067964,1339.0938576542005,1516.6139506767195,424.7657313708629
395,0.25,395,462575.99235888175,1569.9287235691818,4466.766365969133,848.0906756992124
395,0.5,395,495215.0138292181,1730.3796170712583,6517.386358424326,1142.3394032039103
395,0.75,395,527854.0352995545,1890.830510573335,8568.006350879521,1436.5881307086074
395,0.95,395,574810.6086177564,2121.665376488316,11518.158766171917,1859.9130750369573
396,0.05,396,417024.44024810777,1347.359324428186,1534.0692798490127,450.298459928537
396,0.25,396,463539.57086533355,1574.1501417422105,4383.841458529416,874.7749574619636
396,0.5,396,495871.7501456012,1731.7900594897478,6364.6882016511445,1169.8241175180326
396,0.75,396,528203.9294258689,1889.4299772372851,8345.534944772866,1464.8732775741016
396,0.95,396,574719.0600430948,2116.2207945513096,11195.307123453276,1889.3497751075283
397,0.05,397,418487.96846645797,1353.5149179582743,1533.4237542566407,470.7424343953063
397,0.25,397,464742.8316266367,1577.2834422403603,4297.545042952621,898.7297984963437
397,0.5,397,496894.10172809707,1732.822595809673,6218.856751049299,1196.2193250694324
397,0.75,397,529045.3718295575,1888.3617493789857,8140.168459145987,1493.708851642521
397,0.95,397,575300.2349897362,2112.130273661071,10904.289747841967,1921.6962157435582
398,0.05,398,417024.44024810777,1347.359324428186,1534.0692798490127,450.298459928537
398,0.25,398,463539.57086533355,1574.1501417422105,4383.841458529416,874.7749574619636
398,0.5,398,495871.7501456012,1731.7900594897478,6364.6882016511445,1169.8241175180326
398,0.75,398,528203.9294258689,1889.4299772372851,8345.534944772866,1464.8732775741016
398,0.95,398,574719.0600430948,2116.2207945513096,11195.307123453276,1889.3497751075283
399,0.05,399,415761.77208649233,1340.0199150224198,1519.372320588187,427.57079638362586
399,0.25,399,462665.11444879835,1570.3948106050673,4458.616373489609,850.8907135022902
399,0.5,399,495267.13564016187,1730.5259835549,6501.654077691525,1145.135946646278
399,0.75,399,527869.1568315255,1890.657156504733,8544.69178189344,1439.3811797902654
399,0.95,399,574772.4991938312,2121.032052087379,11483.935834794864,1862.7010969089297
400,0.05,400,387330.0288122966,1354.7834553166515,323.2323273039674,24.67549771116046
400,0.25,400,439245.11610768444,1618.6477552170327,4716.378580111388,809.0636582407226
400,0.5,400,475330.74862149754,1802.0570617552812,7770.0084499070035,1354.2836392455533
400,0.75,400,511416.38113531057,1985.4663682935293,10823.63831970262,1899.5036202503843
400,0.95,400,563331.4684306985,2249.330668193911,15216.784572510054,2683.891780779948
401,0.05,401,422382.69267882465,1359.432160839272,1484.4814148698051,498.09784893558333
401,0.25,401,468665.11859501863,1579.4806896507523,4095.08147151876,941.561080615819
401,0.5,401,500835.5472790117,1732.4341133966411,5909.6821818818735,1249.8077203787188
401,0.75,401,533005.9759630047,1885.3875371425297,7724.282892244978,1558.0543601416189
401,0.95,401,579288.4018791986,2105.436065954009,10334.882948893932,2001.5175918218554
402,0.05,402,415761.77208649233,1340.0199150224198,1519.372320588187,427.57079638362586
402,0.25,402,462665.11444879835,1570.3948106050673,4458.616373489609,850.8907135022902
402,0.5,402,495267.13564016187,1730.5259835549,6501.654077691525,1145.135946646278
402,0.75,402,527869.1568315255,1890.657156504733,8544.69178189344,1439.3811797902654
402,0.95,402,574772.4991938312,2121.032052087379,11483.935834794864,1862.7010969089297
403,0.05,403,385718.31123650883,1378.4880386777515,1151.561876231779,-315.90886547589025
403,0.25,403,433242.3547192121,1592.335272763217,5883.533953752966,708.7477753002283
403,0.5,403,466275.8187473013,1740.9782416057067,9172.67809952855,1420.9758561565982
403,0.75,403,499309.28277539037,1889.6212104481965,12461.822245304134,2133.2039370129696
403,0.95,403,546833.3262580936,2103.4684445336616,17193.794322825313,3157.860577789082
404,0.05,404,406901.521875444,1303.1445015077386,1097.175454157853,301.4259205906683
404,0.25,404,457238.3303713505,1561.9741034103752,4633.431236769414,763.4048304286771
404,0.5,404,492226.91785009747,1741.8838441917367,7091.445530766444,1084.521523822493
404,0.75,404,527215.5053288444,1921.7935849730984,9549.459824763473,1405.6382172163092
404,0.95,404,577552.3138247511,2180.6231868757336,13085.715607375034,1867.617127054315
405,0.05,405,424990.391003354,1357.7743047108033,1436.074964844227,501.3984154887595
405,0.25,405,471646.34363779926,1577.4437203808782,3981.5491740829602,957.6816523539959
405,0.5,405,504076.40682480705,1730.1336265596271,5750.881591176607,1274.8393432203818
405,0.75,405,536506.4700118147,1882.8235327383763,7520.214008270264,1591.997034086768
405,0.95,405,583162.4226462601,2102.4929484084505,10065.688217508965,2048.2802709520047
406,0.05,406,411026.8894633166,1312.803914677102,1329.8262280650506,343.344179901066
406,0.25,406,459953.4774894261,1559.7658307340284,4627.104570068522,780.1235509997413
406,0.5,406,493961.83551489253,1731.4264675934241,6919.00815232181,1083.7243093958741
406,0.75,406,527970.1935403591,1903.0871044528194,9210.911734575098,1387.3250677920064
406,0.95,406,576896.7815664683,2150.049020509748,12508.190076578572,1824.1044388906826
407,0.05,407,414609.16713694675,1332.2209294098898,1490.1823038449475,404.1435203858339
407,0.25,407,461987.31907622254,1566.573847439627,4520.878196611619,828.3642302096047
407,0.5,407,494919.3754230908,1729.470102057158,6627.483115240285,1123.2355949122793
407,0.75,407,527851.431769959,1892.3663566746893,8734.088033868951,1418.1069596149537
407,0.95,407,575229.5837092348,2126.7192747044273,11764.783926635619,1842.3276694387248
408,0.05,408,424046.0763907485,1358.7547557506732,1454.310375448331,501.2453130326969
408,0.25,408,470543.57773080294,1578.4259460528795,4020.9315453237737,952.739252276102
408,0.5,408,502863.50308546546,1731.1170857598051,5804.962992893463,1266.5679526122901
408,0.75,408,535183.428440128,1883.8082254667308,7588.994440463152,1580.3966529484785
408,0.95,408,581680.9297801823,2103.479415768937,10155.615610338582,2031.8905921918836
409,0.05,409,418487.96846645797,1353.5149179582743,1533.4237542566407,470.7424343953063
409,0.25,409,464742.8316266367,1577.2834422403603,4297.545042952621,898.7297984963437
409,0.5,409,496894.10172809707,1732.822595809673,6218.856751049299,1196.2193250694324
409,0.75,409,529045.3718295575,1888.3617493789857,8140.168459145987,1493.708851642521
409,0.95,409,575300.2349897362,2112.130273661071,10904.289747841967,1921.6962157435582
410,0.05,410,411026.8894633166,1312.803914677102,1329.8262280650506,343.344179901066
410,0.25,410,459953.4774894261,1559.7658307340284,4627.104570068522,780.1235509997413
410,0.5,410,493961.83551489253,1731.4264675934241,6919.00815232181,1083.7243093958741
410,0.75,410,527970.1935403591,1903.0871044528194,9210.911734575098,1387.3250677920064
410,0.95,410,576896.7815664683,2150.049020509748,12508.190076578572,1824.1044388906826
411,0.05,411,403979.6358219689,1301.464306624925,924.1904356003488,279.7254698124593
411,0.25,411,455130.9509072686,1567.2388683166466,4603.524395178249,765.195326788074
411,0.5,411,490685.69337093696,1751.9759777846145,7160.990828885183,1102.6403310828418
411,0.75,411,526240.4358346055,1936.7130872525827,9718.457262592121,1440.0853353776083
411,0.95,411,577391.750919905,2202.487648944304,13397.79122217001,1925.555192353223
412,0.05,412,386491.3485705246,1364.8516576770844,447.3666548047131,-51.80823805566547
412,0.25,412,437541.88335259166,1618.125371076979,4918.988666292244,788.4149373446128
412,0.5,412,473026.57448481594,1794.173272049484,8027.16621262089,1372.4452513950946
412,0.75,412,508511.2656170403,1970.2211730219888,11135.343758949532,1956.4755654455766
412,0.95,412,559561.8003991075,2223.494886421884,15606.965770437066,2796.6987408458544
413,0.05,413,377687.4154143023,1281.1968756316585,2791.1448626041984,-615.7496969829442
413,0.25,413,420643.68475443334,1452.8654212818801,8567.071608229935,1008.288337804573
413,0.5,413,450502.13689865323,1572.1904263091749,12581.857691193338,2137.1401372506234
413,0.75,413,480360.5890428731,1691.5154313364699,16596.643774156775,3265.9919366966774
413,0.95,413,523316.85838300403,1863.1839769866913,22372.570519782472,4890.0299714841885
414,0.05,414,417024.44024810777,1347.359324428186,1534.0692798490127,450.298459928537
414,0.25,414,463539.57086533355,1574.1501417422105,4383.841458529416,874.7749574619636
414,0.5,414,495871.7501456012,1731.7900594897478,6364.6882016511445,1169.8241175180326
414,0.75,414,528203.9294258689,1889.4299772372851,8345.534944772866,1464.8732775741016
414,0.95,414,574719.0600430948,2116.2207945513096,11195.307123453276,1889.3497751075283
415,0.05,415,417024.44024810777,1347.359324428186,1534.0692798490127,450.298459928537
415,0.25,415,463539.57086533355,1574.1501417422105,4383.841458529416,874.7749574619636
415,0.5,415,495871.7501456012,1731.7900594897478,6364.6882016511445,1169.8241175180326
415,0.75,415,528203.9294258689,1889.4299772372851,8345.534944772866,1464.8732775741016
415,0.95,415,574719.0600430948,2116.2207945513096,11195.307123453276,1889.3497751075283
416,0.05,416,420243.95239747385,1357.7748811369238,1516.951891469118,487.2555880102101
416,0.25,416,466407.36759458366,1579.2434085716222,4200.868625915364,921.442216577875
416,0.5,416,498495.0731763378,1733.1838584626469,6066.430989816154,1223.240786842365
416,0.75,416,530582.778758092,1887.124308353672,7931.993353716955,1525.039357106854
416,0.95,416,576746.1939552019,2108.5928357883695,10615.910088163193,1959.2259856745197
417,0.05,417,420243.95239747385,1357.7748811369238,1516.951891469118,487.2555880102101
417,0.25,417,466407.36759458366,1579.2434085716222,4200.868625915364,921.442216577875
417,0.5,417,498495.0731763378,1733.1838584626469,6066.430989816154,1223.240786842365
417,0.75,417,530582.778758092,1887.124308353672,7931.993353716955,1525.039357106854
417,0.95,417,576746.1939552019,2108.5928357883695,10615.910088163193,1959.2259856745197
418,0.05,418,409700.4902299803,1308.5527697203443,1257.990716287154,327.65004151275957
418,0.25,418,459118.277506527,1559.6105060167426,4638.178575866248,771.4712233563441
418,0.5,418,493468.0629775739,1734.11810455345,6987.711693944225,1079.9666705223651
418,0.75,418,527817.8484486209,1908.625703090157,9337.244812022202,1388.462117688387
418,0.95,418,577235.6357251673,2159.6834393865565,12717.432671601284,1832.2832995319711
419,0.05,419,438361.26758395147,1316.9670177638045,1153.7900526559397,426.0103359502425
419,0.25,419,488929.676880512,1545.686110388862,3555.4041957378145,961.6682155502172
419,0.5,419,524079.2476459623,1704.6663520746702,5224.740990148391,1333.998387825403
419,0.75,419,559228.8184114124,1863.6465937604778,6894.077784558971,1706.3285601005875
419,0.95,419,609797.2277079732,2092.365686385535,9295.691927640839,2241.9864397005645
420,0.05,420,401020.28263125266,1303.0502728167355,751.105083005853,259.64145004350576
420,0.25,420,452858.1185265347,1574.613489858262,4560.988526093159,773.8598278617828
420,0.5,420,488890.0544026143,1763.3742329284166,7209.198536132443,1131.2876273802456
420,0.75,420,524921.990278694,1952.134975998571,9857.408546171726,1488.7154268987085
420,0.95,420,576759.8261739758,2223.6981930400984,13667.291989259038,2002.9338047169858
421,0.05,421,418487.96846645797,1353.5149179582743,1533.4237542566407,470.7424343953063
421,0.25,421,464742.8316266367,1577.2834422403603,4297.545042952621,898.7297984963437
421,0.5,421,496894.10172809707,1732.822595809673,6218.856751049299,1196.2193250694324
421,0.75,421,529045.3718295575,1888.3617493789857,8140.168459145987,1493.708851642521
421,0.95,421,575300.2349897362,2112.130273661071,10904.289747841967,1921.6962157435582
422,0.05,422,422382.69267882465,1359.432160839272,1484.4814148698051,498.09784893558333
422,0.25,422,468665.11859501863,1579.4806896507523,4095.08147151876,941.561080615819
422,0.5,422,500835.5472790117,1732.4341133966411,5909.6821818818735,1249.8077203787188
422,0.75,422,533005.9759630047,1885.3875371425297,7724.282892244978,1558.0543601416189
422,0.95,422,579288.4018791986,2105.436065954009,10334.882948893932,2001.5175918218554
423,0.05,423,415761.77208649233,1340.0199150224198,1519.372320588187,427.57079638362586
423,0.25,423,462665.11444879835,1570.3948106050673,4458.616373489609,850.8907135022902
423,0.5,423,495267.13564016187,1730.5259835549,6501.654077691525,1145.135946646278
423,0.75,423,527869.1568315255,1890.657156504733,8544.69178189344,1439.3811797902654
423,0.95,423,574772.4991938312,2121.032052087379,11483.935834794864,1862.7010969089297
424,0.05,424,424990.391003354,1357.7743047108033,1436.074964844227,501.3984154887595
424,0.25,424,471646.34363779926,1577.4437203808782,3981.5491740829602,957.6816523539959
424,0.5,424,504076.40682480705,1730.1336265596271,5750.881591176607,1274.8393432203818
424,0.75,424,536506.4700118147,1882.8235327383763,7520.214008270264,1591.997034086768
424,0.95,424,583162.4226462601,2102.4929484084505,10065.688217508965,2048.2802709520047
425,0.05,425,420243.95239747385,1357.7748811369238,1516.951891469118,487.2555880102101
425,0.25,425,466407.36759458366,1579.2434085716222,4200.868625915364,921.442216577875
425,0.5,425,498495.0731763378,1733.1838584626469,6066.430989816154,1223.240786842365
425,0.75,425,530582.778758092,1887.124308353672,7931.993353716955,1525.039357106854
425,0.95,425,576746.1939552019,2108.5928357883695,10615.910088163193,1959.2259856745197
426,0.05,426,385796.7525909168,1378.64991922242,1009.4968816969013,-271.8838848851335
426,0.25,426,433942.6581919509,1599.1106670886395,5692.359332153053,719.3099431806595
426,0.5,426,467408.37205424823,1752.3506199746967,8947.367891387561,1408.2783739959377
426,0.75,426,500874.08591654565,1905.5905728607534,12202.376450622072,2097.2468048112164
426,0.95,426,549019.9915175796,2126.051320726973,16885.238901078206,3088.440632877005
427,0.05,427,417024.44024810777,1347.359324428186,1534.0692798490127,450.298459928537
427,0.25,427,463539.57086533355,1574.1501417422105,4383.841458529416,874.7749574619636
427,0.5,427,495871.7501456012,1731.7900594897478,6364.6882016511445,1169.8241175180326
427,0.75,427,528203.9294258689,1889.4299772372851,8345.534944772866,1464.8732775741016
427,0.95,427,574719.0600430948,2116.2207945513096,11195.307123453276,1889.3497751075283
428,0.05,428,417024.44024810777,1347.359324428186,1534.0692798490127,450.298459928537
428,0.25,428,463539.57086533355,1574.1501417422105,4383.841458529416,874.7749574619636
428,0.5,428,495871.7501456012,1731.7900594897478,6364.6882016511445,1169.8241175180326
428,0.75,428,528203.9294258689,1889.4299772372851,8345.534944772866,1464.8732775741016
428,0.95,428,574719.0600430948,2116.2207945513096,11195.307123453276,1889.3497751075283
429,0.05,429,415761.77208649233,1340.0199150224198,1519.372320588187,427.57079638362586
429,0.25,429,462665.11444879835,1570.3948106050673,4458.616373489609,850.8907135022902
429,0.5,429,495267.13564016187,1730.5259835549,6501.654077691525,1145.135946646278
429,0.75,429,527869.1568315255,1890.657156504733,8544.69178189344,1439.3811797902654
429,0.95,429,574772.4991938312,2121.032052087379,11483.935834794864,1862.7010969089297
430,0.05,430,408321.7364030773,1305.3530884748925,1179.8905466720435,313.79319738733943
430,0.25,430,458210.61693576846,1560.3799277367445,4639.746080980705,766.0204603853362
430,0.5,430,492887.8543867038,1737.6464081030401,7044.655363932769,1080.3588863697037
430,0.75,430,527565.0918376392,1914.9128884693362,9449.56464688483,1394.6973123540704
430,0.95,430,577453.9723703301,2169.9397277311873,12909.420181193489,1846.924575352069
431,0.05,431,415761.77208649233,1340.0199150224198,1519.372320588187,427.57079638362586
431,0.25,431,462665.11444879835,1570.3948106050673,4458.616373489609,850.8907135022902
431,0.5,431,495267.13564016187,1730.5259835549,6501.654077691525,1145.135946646278
431,0.75,431,527869.1568315255,1890.657156504733,8544.69178189344,1439.3811797902654
431,0.95,431,574772.4991938312,2121.032052087379,11483.935834794864,1862.7010969089297
432,0.05,432,416014.7907167118,1341.6237801663074,1523.6950912495386,432.45390624074696
432,0.25,432,462828.0267916814,1571.2075865722109,4443.920801900438,855.8365431309893
432,0.5,432,495367.41604806425,1730.788881734972,6473.739055934246,1150.1253721301796
432,0.75,432,527906.8053044471,1890.3701768977326,8503.557309968048,1444.4142011293686
432,0.95,432,574720.0413794165,2119.953983303635,11423.783020618954,1867.7968380196103
433,0.05,433,422382.69267882465,1359.432160839272,1484.4814148698051,498.09784893558333
433,0.25,433,468665.11859501863,1579.4806896507523,4095.08147151876,941.561080615819
433,0.5,433,500835.5472790117,1732.4341133966411,5909.6821818818735,1249.8077203787188
433,0.75,433,533005.9759630047,1885.3875371425297,7724.282892244978,1558.0543601416189
433,0.95,433,579288.4018791986,2105.436065954009,10334.882948893932,2001.5175918218554
434,0.05,434,385240.75266421837,1370.8509066507704,1606.1500110528932,-437.9884604391991
434,0.25,434,430987.3222646208,1566.568773577359,6509.05425804539,697.2153236011904
434,0.5,434,462785.2828454238,1702.6102095112947,9917.011561491963,1486.2835639393063
434,0.75,434,494583.2434262267,1838.6516454452305,13324.968864938543,2275.351804277422
434,0.95,434,540329.8130266292,2034.369512371818,18227.873111931018,3410.5555883178095
435,0.05,435,420243.95239747385,1357.7748811369238,1516.951891469118,487.2555880102101
435,0.25,435,466407.36759458366,1579.2434085716222,4200.868625915364,921.442216577875
435,0.5,435,498495.0731763378,1733.1838584626469,6066.430989816154,1223.240786842365
435,0.75,435,530582.778758092,1887.124308353672,7931.993353716955,1525.039357106854
435,0.95,435,576746.1939552019,2108.5928357883695,10615.910088163193,1959.2259856745197
436,0.05,436,418487.96846645797,1353.5149179582743,1533.4237542566407,470.7424343953063
436,0.25,436,464742.8316266367,1577.2834422403603,4297.545042952621,898.7297984963437
436,0.5,436,496894.10172809707,1732.822595809673,6218.856751049299,1196.2193250694324
436,0.75,436,529045.3718295575,1888.3617493789857,8140.168459145987,1493.708851642521
436,0.95,436,575300.2349897362,2112.130273661071,10904.289747841967,1921.6962157435582
437,0.05,437,420243.95239747385,1357.7748811369238,1516.951891469118,487.2555880102101
437,0.25,437,466407.36759458366,1579.2434085716222,4200.868625915364,921.442216577875
437,0.5,437,498495.0731763378,1733.1838584626469,6066.430989816154,1223.240786842365
437,0.75,437,530582.778758092,1887.124308353672,7931.993353716955,1525.039357106854
437,0.95,437,576746.1939552019,2108.5928357883695,10615.910088163193,1959.2259856745197
438,0.05,438,417024.44024810777,1347.359324428186,1534.0692798490127,450.298459928537
438,0.25,438,463539.57086533355,1574.1501417422105,4383.841458529416,874.7749574619636
438,0.5,438,495871.7501456012,1731.7900594897478,6364.6882016511445,1169.8241175180326
438,0.75,438,528203.9294258689,1889.4299772372851,8345.534944772866,1464.8732775741016
438,0.95,438,574719.0600430948,2116.2207945513096,11195.307123453276,1889.3497751075283
439,0.05,439,422382.69267882465,1359.432160839272,1484.4814148698051,498.09784893558333
439,0.25,439,468665.11859501863,1579.4806896507523,4095.08147151876,941.561080615819
439,0.5,439,500835.5472790117,1732.4341133966411,5909.6821818818735,1249.8077203787188
439,0.75,439,533005.9759630047,1885.3875371425297,7724.282892244978,1558.0543601416189
439,0.95,439,579288.4018791986,2105.436065954009,10334.882948893932,2001.5175918218554
440,0.05,440,394024.14110592875,1318.3618280006012,391.7455534558794,197.84119591634567
440,0.25,440,446861.131539188,1597.1239727391073,4479.408535842726,806.1905296787806
440,0.5,440,483587.56925202295,1790.8886149241496,7320.700189335379,1229.0477691025976
440,0.75,440,520314.0069648578,1984.6532571091916,10161.991842828027,1651.9050085264153
440,0.95,440,573150.9973981172,2263.4154018476984,14249.65482521486,2260.2543422888502
441,0.05,441,411026.8894633166,1312.803914677102,1329.8262280650506,343.344179901066
441,0.25,441,459953.4774894261,1559.7658307340284,4627.104570068522,780.1235509997413
441,0.5,441,493961.83551489253,1731.4264675934241,6919.00815232181,1083.7243093958741
441,0.75,441,527970.1935403591,1903.0871044528194,9210.911734575098,1387.3250677920064
441,0.95,441,576896.7815664683,2150.049020509748,12508.190076578572,1824.1044388906826
442,0.05,442,385949.36386241537,1375.750016708139,749.8923839075051,-182.0739078431984
442,0.25,442,435328.87637396075,1609.738631000395,5343.023763205055,746.0071314795762
442,0.5,442,469652.05745741376,1772.3816619120812,8535.661196287432,1391.1065249850658
442,0.75,442,503975.2385408667,1935.0246928237677,11728.298629369816,2036.2059184905575
442,0.95,442,553354.7510524122,2169.013307116023,16321.43000866737,2964.2869578133327
443,0.05,443,420243.95239747385,1357.7748811369238,1516.951891469118,487.2555880102101
443,0.25,443,466407.36759458366,1579.2434085716222,4200.868625915364,921.442216577875
443,0.5,443,498495.0731763378,1733.1838584626469,6066.430989816154,1223.240786842365
443,0.75,443,530582.778758092,1887.124308353672,7931.993353716955,1525.039357106854
443,0.95,443,576746.1939552019,2108.5928357883695,10615.910088163193,1959.2259856745197
444,0.05,444,424990.391003354,1357.7743047108033,1436.074964844227,501.3984154887595
444,0.25,444,471646.34363779926,1577.4437203808782,3981.5491740829602,957.6816523539959
444,0.5,444,504076.40682480705,1730.1336265596271,5750.881591176607,1274.8393432203818
444,0.75,444,536506.4700118147,1882.8235327383763,7520.214008270264,1591.997034086768
444,0.95,444,583162.4226462601,2102.4929484084505,10065.688217508965,2048.2802709520047
445,0.05,445,414609.16713694675,1332.2209294098898,1490.1823038449475,404.1435203858339
445,0.25,445,461987.31907622254,1566.573847439627,4520.878196611619,828.3642302096047
445,0.5,445,494919.3754230908,1729.470102057158,6627.483115240285,1123.2355949122793
445,0.75,445,527851.431769959,1892.3663566746893,8734.088033868951,1418.1069596149537
445,0.95,445,575229.5837092348,2126.7192747044273,11764.783926635619,1842.3276694387248
446,0.05,446,411026.8894633166,1312.803914677102,1329.8262280650506,343.344179901066
446,0.25,446,459953.4774894261,1559.7658307340284,4627.104570068522,780.1235509997413
446,0.5,446,493961.83551489253,1731.4264675934241,6919.00815232181,1083.7243093958741
446,0.75,446,527970.1935403591,1903.0871044528194,9210.911734575098,1387.3250677920064
446,0.95,446,576896.7815664683,2150.049020509748,12508.190076578572,1824.1044388906826
447,0.05,447,406901.521875444,1303.1445015077386,1097.175454157853,301.4259205906683
447,0.25,447,457238.3303713505,1561.9741034103752,4633.431236769414,763.4048304286771
447,0.5,447,492226.91785009747,1741.8838441917367,7091.445530766444,1084.521523822493
447,0.75,447,527215.5053288444,1921.7935849730984,9549.459824763473,1405.6382172163092
447,0.95,447,577552.3138247511,2180.6231868757336,13085.715607375034,1867.617127054315
448,0.05,448,384032.3958794491,1352.0215454743347,2066.2393741348933,-534.996218901786
448,0.25,448,428298.77708549734,1533.6657695608653,7187.6307835375155,731.1647569376714
448,0.5,448,459067.87424272636,1659.9247640097792,10747.456221325423,1611.259967362805
448,0.75,448,489836.97139995545,1786.183758458693,14307.281659113347,2491.3551777879366
448,0.95,448,534103.3526060038,1967.8279825452241,19428.673068515945,3757.5161536274
449,0.05,449,434357.2214719716,1333.101366250134,1239.99299356537,460.27871810553006
449,0.25,449,483500.91020618076,1557.8287924799392,3664.1898809460404,970.160933583083
449,0.5,449,517660.17265614355,1714.0344687328272,5349.2237039926995,1324.574712151193
449,0.75,449,551819.4351061062,1870.2401449857152,7034.25752703936,1678.9884907193032
449,0.95,449,600963.1238403155,2094.9675712155204,9458.454414420032,2188.870706196855
450,0.05,450,405450.59637637896,1301.867657300006,1011.431813442292,290.1910283366926
450,0.25,450,456209.1932916797,1564.29345796051,4620.832213048364,763.2540243555147
450,0.5,450,491490.9614755701,1746.7028787690808,7129.688562924248,1092.075149765337
450,0.75,450,526772.7296594606,1929.1122995776523,9638.544912800127,1420.89627517516
450,0.95,450,577531.3265747614,2191.538100238156,13247.945312406195,1893.959271193985
451,0.05,451,420243.95239747385,1357.7748811369238,1516.951891469118,487.2555880102101
451,0.25,451,466407.36759458366,1579.2434085716222,4200.868625915364,921.442216577875
451,0.5,451,498495.0731763378,1733.1838584626469,6066.430989816154,1223.240786842365
451,0.75,451,530582.778758092,1887.124308353672,7931.993353716955,1525.039357106854
451,0.95,451,576746.1939552019,2108.5928357883695,10615.910088163193,1959.2259856745197
452,0.05,452,385796.7525909168,1378.64991922242,1009.4968816969013,-271.8838848851335
452,0.25,452,433942.6581919509,1599.1106670886395,5692.359332153053,719.3099431806595
452,0.5,452,467408.37205424823,1752.3506199746967,8947.367891387561,1408.2783739959377
452,0.75,452,500874.08591654565,1905.5905728607534,12202.376450622072,2097.2468048112164
452,0.95,452,549019.9915175796,2126.051320726973,16885.238901078206,3088.440632877005
453,0.05,453,422382.69267882465,1359.432160839272,1484.4814148698051,498.09784893558333
453,0.25,453,468665.11859501863,1579.4806896507523,4095.08147151876,941.561080615819
453,0.5,453,500835.5472790117,1732.4341133966411,5909.6821818818735,1249.8077203787188
453,0.75,453,533005.9759630047,1885.3875371425297,7724.282892244978,1558.0543601416189
453,0.95,453,579288.4018791986,2105.436065954009,10334.882948893932,2001.5175918218554
454,0.05,454,331225.263732092,973.4415829814801,681.1724083497193,-131.659001325364
454,0.25,454,379978.0858521494,1221.4390284511167,8889.830030013207,2659.832816053542
454,0.5,454,413865.66101937846,1393.8194509410669,14595.58182200478,4600.169491480843
454,0.75,454,447753.2361866073,1566.1998734310184,20301.333613996372,6540.506166908135
454,0.95,454,496506.0583066651,1814.1973189006537,28509.99123565987,9331.997984287038
455,0.05,455,420243.95239747385,1357.7748811369238,1516.951891469118,487.2555880102101
455,0.25,455,466407.36759458366,1579.2434085716222,4200.868625915364,921.442216577875
455,0.5,455,498495.0731763378,1733.1838584626469,6066.430989816154,1223.240786842365
455,0.75,455,530582.778758092,1887.124308353672,7931.993353716955,1525.039357106854
455,0.95,455,576746.1939552019,2108.5928357883695,10615.910088163193,1959.2259856745197
456,0.05,456,415761.77208649233,1340.0199150224198,1519.372320588187,427.57079638362586
456,0.25,456,462665.11444879835,1570.3948106050673,4458.616373489609,850.8907135022902
456,0.5,456,495267.13564016187,1730.5259835549,6501.654077691525,1145.135946646278
456,0.75,456,527869.1568315255,1890.657156504733,8544.69178189344,1439.3811797902654
456,0.95,456,574772.4991938312,2121.032052087379,11483.935834794864,1862.7010969089297
457,0.05,457,418487.96846645797,1353.5149179582743,1533.4237542566407,470.7424343953063
457,0.25,457,464742.8316266367,1577.2834422403603,4297.545042952621,898.7297984963437
457,0.5,457,496894.10172809707,1732.822595809673,6218.856751049299,1196.2193250694324
457,0.75,457,529045.3718295575,1888.3617493789857,8140.168459145987,1493.708851642521
457,0.95,457,575300.2349897362,2112.130273661071,10904.289747841967,1921.6962157435582
458,0.05,458,418487.96846645797,1353.5149179582743,1533.4237542566407,470.7424343953063
458,0.25,458,464742.8316266367,1577.2834422403603,4297.545042952621,898.7297984963437
458,0.5,458,496894.10172809707,1732.822595809673,6218.856751049299,1196.2193250694324
458,0.75,458,529045.3718295575,1888.3617493789857,8140.168459145987,1493.708851642521
458,0.95,458,575300.2349897362,2112.130273661071,10904.289747841967,1921.6962157435582
459,0.05,459,385458.6035412713,1374.6249670413779,1451.6261164208145,-399.4704226995275
459,0.25,459,431774.6474253908,1576.0214261833894,6293.057297820569,696.9622112375669
459,0.5,459,463968.44360618736,1716.0099919895265,9658.285318316019,1459.0810319049638
459,0.75,459,496162.2397869839,1855.9985577956638,13023.513338811452,2221.1998525723625
459,0.95,459,542478.2836711034,2057.395016937675,17864.944520211204,3317.6324865094543
460,0.05,460,422382.69267882465,1359.432160839272,1484.4814148698051,498.09784893558333
460,0.25,460,468665.11859501863,1579.4806896507523,4095.08147151876,941.561080615819
460,0.5,460,500835.5472790117,1732.4341133966411,5909.6821818818735,1249.8077203787188
460,0.75,460,533005.9759630047,1885.3875371425297,7724.282892244978,1558.0543601416189
460,0.95,460,579288.4018791986,2105.436065954009,10334.882948893932,2001.5175918218554
461,0.05,461,473704.22387380176,1067.5305298611925,296.2187350418262,-226.6115781475371
461,0.25,461,545970.3285864615,1366.9881023180687,2845.942842022814,651.3147066395444
461,0.5,461,596201.7397950763,1575.137919184838,4618.229318449485,1261.5520564640185
461,0.75,461,646433.1510036909,1783.2877360516072,6390.5157948761625,1871.789406288492
461,0.95,461,718699.2557163511,2082.745308508482,8940.239901857156,2749.715691075571
462,0.05,462,415761.77208649233,1340.0199150224198,1519.372320588187,427.57079638362586
462,0.25,462,462665.11444879835,1570.3948106050673,4458.616373489609,850.8907135022902
462,0.5,462,495267.13564016187,1730.5259835549,6501.654077691525,1145.135946646278
462,0.75,462,527869.1568315255,1890.657156504733,8544.69178189344,1439.3811797902654
462,0.95,462,574772.4991938312,2121.032052087379,11483.935834794864,1862.7010969089297
463,0.05,463,420944.44204657385,1358.687224135252,1507.407946063263,491.7880190327454
463,0.25,463,467123.3860237367,1579.5505518141604,4164.811242189591,928.8494343474429
463,0.5,463,499221.8854975859,1733.070333704367,6011.9443932789845,1232.6462387190745
463,0.75,463,531320.3849714352,1886.5901155945735,7859.077544368374,1536.4430430907064
463,0.95,463,577499.3289485979,2107.453443273482,10516.480840494709,1973.5044584054028
464,0.05,464,417024.44024810777,1347.359324428186,1534.0692798490127,450.298459928537
464,0.25,464,463539.57086533355,1574.1501417422105,4383.841458529416,874.7749574619636
464,0.5,464,495871.7501456012,1731.7900594897478,6364.6882016511445,1169.8241175180326
464,0.75,464,528203.9294258689,1889.4299772372851,8345.534944772866,1464.8732775741016
464,0.95,464,574719.0600430948,2116.2207945513096,11195.307123453276,1889.3497751075283
465,0.05,465,414609.16713694675,1332.2209294098898,1490.1823038449475,404.1435203858339
465,0.25,465,461987.31907622254,1566.573847439627,4520.878196611619,828.3642302096047
465,0.5,465,494919.3754230908,1729.470102057158,6627.483115240285,1123.2355949122793
465,0.75,465,527851.431769959,1892.3663566746893,8734.088033868951,1418.1069596149537
465,0.95,465,575229.5837092348,2126.7192747044273,11764.783926635619,1842.3276694387248
466,0.05,466,418487.96846645797,1353.5149179582743,1533.4237542566407,470.7424343953063
466,0.25,466,464742.8316266367,1577.2834422403603,4297.545042952621,898.7297984963437
466,0.5,466,496894.10172809707,1732.822595809673,6218.856751049299,1196.2193250694324
466,0.75,466,529045.3718295575,1888.3617493789857,8140.168459145987,1493.708851642521
466,0.95,466,575300.2349897362,2112.130273661071,10904.289747841967,1921.6962157435582
467,0.05,467,386232.54301523225,1369.3140520277107,537.2041666027799,-95.10237920144118
467,0.25,467,436748.2432344187,1616.2778494799954,5049.4952547696585,774.585951337083
467,0.5,467,471861.1764731816,1787.939794077565,8185.941449620015,1379.097185591577
467,0.75,467,506974.10971194436,1959.6017386751344,11322.38764447038,1983.6084198460708
467,0.95,467,557489.8099311307,2206.5655361274185,15834.678732637247,2853.296750384594
468,0.05,468,418487.96846645797,1353.5149179582743,1533.4237542566407,470.7424343953063
468,0.25,468,464742.8316266367,1577.2834422403603,4297.545042952621,898.7297984963437
468,0.5,468,496894.10172809707,1732.822595809673,6218.856751049299,1196.2193250694324
468,0.75,468,529045.3718295575,1888.3617493789857,8140.168459145987,1493.708851642521
468,0.95,468,575300.2349897362,2112.130273661071,10904.289747841967,1921.6962157435582
469,0.05,469,415761.77208649233,1340.0199150224198,1519.372320588187,427.57079638362586
469,0.25,469,462665.11444879835,1570.3948106050673,4458.616373489609,850.8907135022902
469,0.5,469,495267.13564016187,1730.5259835549,6501.654077691525,1145.135946646278
469,0.75,469,527869.1568315255,1890.657156504733,8544.69178189344,1439.3811797902654
469,0.95,469,574772.4991938312,2121.032052087379,11483.935834794864,1862.7010969089297
470,0.05,470,405450.59637637896,1301.867657300006,1011.431813442292,290.1910283366926
470,0.25,470,456209.1932916797,1564.29345796051,4620.832213048364,763.2540243555147
470,0.5,470,491490.9614755701,1746.7028787690808,7129.688562924248,1092.075149765337
470,0.75,470,526772.7296594606,1929.1122995776523,9638.544912800127,1420.89627517516
470,0.95,470,577531.3265747614,2191.538100238156,13247.945312406195,1893.959271193985
471,0.05,471,418487.96846645797,1353.5149179582743,1533.4237542566407,470.7424343953063
471,0.25,471,464742.8316266367,1577.2834422403603,4297.545042952621,898.7297984963437
471,0.5,471,496894.10172809707,1732.822595809673,6218.856751049299,1196.2193250694324
471,0.75,471,529045.3718295575,1888.3617493789857,8140.168459145987,1493.708851642521
471,0.95,471,575300.2349897362,2112.130273661071,10904.289747841967,1921.6962157435582
472,0.05,472,418487.96846645797,1353.5149179582743,1533.4237542566407,470.7424343953063
472,0.25,472,464742.8316266367,1577.2834422403603,4297.545042952621,898.7297984963437
472,0.5,472,496894.10172809707,1732.822595809673,6218.856751049299,1196.2193250694324
472,0.75,472,529045.3718295575,1888.3617493789857,8140.168459145987,1493.708851642521
472,0.95,472,575300.2349897362,2112.130273661071,10904.289747841967,1921.6962157435582
473,0.05,473,418487.96846645797,1353.5149179582743,1533.4237542566407,470.7424343953063
473,0.25,473,464742.8316266367,1577.2834422403603,4297.545042952621,898.7297984963437
473,0.5,473,496894.10172809707,1732.822595809673,6218.856751049299,1196.2193250694324
473,0.75,473,529045.3718295575,1888.3617493789857,8140.168459145987,1493.708851642521
473,0.95,473,575300.2349897362,2112.130273661071,10904.289747841967,1921.6962157435582
474,0.05,474,413478.02858190535,1324.7041452611556,1447.7416153957593,381.561137194995
474,0.25,474,461374.94359134434,1563.2508425009723,4569.796473453767,808.4664445162964
474,0.5,474,494667.5867056997,1729.0621490485503,6739.904050367259,1105.2038447741497
474,0.75,474,527960.2298200551,1894.8734555961285,8910.01162728074,1401.9412450320021
474,0.95,474,575857.144829494,2133.420152835946,12032.066485338748,1828.8465523533027
475,0.05,475,385949.36386241537,1375.750016708139,749.8923839075051,-182.0739078431984
475,0.25,475,435328.87637396075,1609.738631000395,5343.023763205055,746.0071314795762
475,0.5,475,469652.05745741376,1772.3816619120812,8535.661196287432,1391.1065249850658
475,0.75,475,503975.2385408667,1935.0246928237677,11728.298629369816,2036.2059184905575
475,0.95,475,553354.7510524122,2169.013307116023,16321.43000866737,2964.2869578133327
476,0.05,476,418487.96846645797,1353.5149179582743,1533.4237542566407,470.7424343953063
476,0.25,476,464742.8316266367,1577.2834422403603,4297.545042952621,898.7297984963437
476,0.5,476,496894.10172809707,1732.822595809673,6218.856751049299,1196.2193250694324
476,0.75,476,529045.3718295575,1888.3617493789857,8140.168459145987,1493.708851642521
476,0.95,476,575300.2349897362,2112.130273661071,10904.289747841967,1921.6962157435582
477,0.05,477,418487.96846645797,1353.5149179582743,1533.4237542566407,470.7424343953063
477,0.25,477,464742.8316266367,1577.2834422403603,4297.545042952621,898.7297984963437
477,0.5,477,496894.10172809707,1732.822595809673,6218.856751049299,1196.2193250694324
477,0.75,477,529045.3718295575,1888.3617493789857,8140.168459145987,1493.708851642521
477,0.95,477,575300.2349897362,2112.130273661071,10904.289747841967,1921.6962157435582
478,0.05,478,422382.69267882465,1359.432160839272,1484.4814148698051,498.09784893558333
478,0.25,478,468665.11859501863,1579.4806896507523,4095.08147151876,941.561080615819
478,0.5,478,500835.5472790117,1732.4341133966411,5909.6821818818735,1249.8077203787188
478,0.75,478,533005.9759630047,1885.3875371425297,7724.282892244978,1558.0543601416189
478,0.95,478,579288.4018791986,2105.436065954009,10334.882948893932,2001.5175918218554
479,0.05,479,414575.35622039373,1331.9875647197528,1489.0946665386673,403.4461102192017
479,0.25,479,461968.6486932829,1566.4640762516915,4522.543628878229,827.7227288666791
479,0.5,479,494911.2290662196,1729.4462394159261,6631.062177283294,1122.632955206146
479,0.75,479,527853.8094391564,1892.428402580161,8739.58072568835,1417.5431815456134
479,0.95,479,575247.1019120459,2126.9049141120995,11773.029688027924,1841.81980019309
480,0.05,480,462702.1850437483,1168.6762903034282,599.8967908923778,55.28299646826599
480,0.25,480,525979.8023866676,1438.0904367194553,3044.52089937589,795.3696955064586
480,0.5,480,569963.4103269576,1625.3573833447194,4743.753469499692,1309.7961954157756
480,0.75,480,613947.0182672475,1812.6243299699838,6442.98603962349,1824.2226953250924
480,0.95,480,677224.6356101666,2082.03847638601,8887.610148106993,2564.309394363288
481,0.05,481,418487.96846645797,1353.5149179582743,1533.4237542566407,470.7424343953063
481,0.25,481,464742.8316266367,1577.2834422403603,4297.545042952621,898.7297984963437
481,0.5,481,496894.10172809707,1732.822595809673,6218.856751049299,1196.2193250694324
481,0.75,481,529045.3718295575,1888.3617493789857,8140.168459145987,1493.708851642521
481,0.95,481,575300.2349897362,2112.130273661071,10904.289747841967,1921.6962157435582
482,0.05,482,420243.95239747385,1357.7748811369238,1516.951891469118,487.2555880102101
482,0.25,482,466407.36759458366,1579.2434085716222,4200.868625915364,921.442216577875
482,0.5,482,498495.0731763378,1733.1838584626469,6066.430989816154,1223.240786842365
482,0.75,482,530582.778758092,1887.124308353672,7931.993353716955,1525.039357106854
482,0.95,482,576746.1939552019,2108.5928357883695,10615.910088163193,1959.2259856745197
483,0.05,483,377687.4154143023,1281.1968756316585,2791.1448626041984,-615.7496969829442
483,0.25,483,420643.68475443334,1452.8654212818801,8567.071608229935,1008.288337804573
483,0.5,483,450502.13689865323,1572.1904263091749,12581.857691193338,2137.1401372506234
483,0.75,483,480360.5890428731,1691.5154313364699,16596.643774156775,3265.9919366966774
483,0.95,483,523316.85838300403,1863.1839769866913,22372.570519782472,4890.0299714841885
484,0.05,484,418487.96846645797,1353.5149179582743,1533.4237542566407,470.7424343953063
484,0.25,484,464742.8316266367,1577.2834422403603,4297.545042952621,898.7297984963437
484,0.5,484,496894.10172809707,1732.822595809673,6218.856751049299,1196.2193250694324
484,0.75,484,529045.3718295575,1888.3617493789857,8140.168459145987,1493.708851642521
484,0.95,484,575300.2349897362,2112.130273661071,10904.289747841967,1921.6962157435582
485,0.05,485,379217.9510917672,1296.0659214668985,2703.47816549062,-614.1328205649345
485,0.25,485,422191.6817297881,1467.3324542512992,8344.369605718084,938.6433749366604
485,0.5,485,452062.2710389763,1586.378024353265,12265.29406461706,2017.9618175360056
485,0.75,485,481932.86034816474,1705.4235944552306,16186.218523516018,3097.280260135354
485,0.95,485,524906.5909861854,1876.690127239631,21827.109963743493,4650.056455636941
486,0.05,486,418487.96846645797,1353.5149179582743,1533.4237542566407,470.7424343953063
486,0.25,486,464742.8316266367,1577.2834422403603,4297.545042952621,898.7297984963437
486,0.5,486,496894.10172809707,1732.822595809673,6218.856751049299,1196.2193250694324
486,0.75,486,529045.3718295575,1888.3617493789857,8140.168459145987,1493.708851642521
486,0.95,486,575300.2349897362,2112.130273661071,10904.289747841967,1921.6962157435582
487,0.05,487,411026.8894633166,1312.803914677102,1329.8262280650506,343.344179901066
487,0.25,487,459953.4774894261,1559.7658307340284,4627.104570068522,780.1235509997413
487,0.5,487,493961.83551489253,1731.4264675934241,6919.00815232181,1083.7243093958741
487,0.75,487,527970.1935403591,1903.0871044528194,9210.911734575098,1387.3250677920064
487,0.95,487,576896.7815664683,2150.049020509748,12508.190076578572,1824.1044388906826
488,0.05,488,391900.0093783111,1326.5546115686716,313.82773580743105,166.68638631545718
488,0.25,488,444791.31826595316,1604.673193233256,4485.009704964061,814.9494958203447
488,0.5,488,481555.51216654945,1797.9905014775338,7384.354529924049,1265.5503820088463
488,0.75,488,518319.7060671457,1991.3078097218108,10283.699354884038,1716.1512681973481
488,0.95,488,571211.0149547878,2269.4263913863983,14454.881324040662,2364.414377702239
489,0.05,489,412289.81470172346,1318.167715473965,1393.676259871735,361.2100882650782
489,0.25,489,460708.2898180913,1560.9462317274297,4604.870762168183,792.3384411691283
489,0.5,489,494363.46389084443,1729.6990312734215,6836.938370586525,1092.011236105624
489,0.75,489,528018.6379635974,1898.4518308194129,9069.005979004869,1391.6840310421196
489,0.95,489,576437.1130799651,2141.230347072877,12280.200481301308,1822.8123839461696
490,0.05,490,420243.95239747385,1357.7748811369238,1516.951891469118,487.2555880102101
490,0.25,490,466407.36759458366,1579.2434085716222,4200.868625915364,921.442216577875
490,0.5,490,498495.0731763378,1733.1838584626469,6066.430989816154,1223.240786842365
490,0.75,490,530582.778758092,1887.124308353672,7931.993353716955,1525.039357106854
490,0.95,490,576746.1939552019,2108.5928357883695,10615.910088163193,1959.2259856745197
491,0.05,491,418487.96846645797,1353.5149179582743,1533.4237542566407,470.7424343953063
491,0.25,491,464742.8316266367,1577.2834422403603,4297.545042952621,898.7297984963437
491,0.5,491,496894.10172809707,1732.822595809673,6218.856751049299,1196.2193250694324
491,0.75,491,529045.3718295575,1888.3617493789857,8140.168459145987,1493.708851642521
491,0.95,491,575300.2349897362,2112.130273661071,10904.289747841967,1921.6962157435582
492,0.05,492,424990.391003354,1357.7743047108033,1436.074964844227,501.3984154887595
492,0.25,492,471646.34363779926,1577.4437203808782,3981.5491740829602,957.6816523539959
492,0.5,492,504076.40682480705,1730.1336265596271,5750.881591176607,1274.8393432203818
492,0.75,492,536506.4700118147,1882.8235327383763,7520.214008270264,1591.997034086768
492,0.95,492,583162.4226462601,2102.4929484084505,10065.688217508965,2048.2802709520047
493,0.05,493,412289.81470172346,1318.167715473965,1393.676259871735,361.2100882650782
493,0.25,493,460708.2898180913,1560.9462317274297,4604.870762168183,792.3384411691283
493,0.5,493,494363.46389084443,1729.6990312734215,6836.938370586525,1092.011236105624
493,0.75,493,528018.6379635974,1898.4518308194129,9069.005979004869,1391.6840310421196
493,0.95,493,576437.1130799651,2141.230347072877,12280.200481301308,1822.8123839461696
494,0.05,494,386491.3485705246,1364.8516576770844,447.3666548047131,-51.80823805566547
494,0.25,494,437541.88335259166,1618.125371076979,4918.988666292244,788.4149373446128
494,0.5,494,473026.57448481594,1794.173272049484,8027.16621262089,1372.4452513950946
494,0.75,494,508511.2656170403,1970.2211730219888,11135.343758949532,1956.4755654455766
494,0.95,494,559561.8003991075,2223.494886421884,15606.965770437066,2796.6987408458544
495,0.05,495,418487.96846645797,1353.5149179582743,1533.4237542566407,470.7424343953063
495,0.25,495,464742.8316266367,1577.2834422403603,4297.545042952621,898.7297984963437
495,0.5,495,496894.10172809707,1732.822595809673,6218.856751049299,1196.2193250694324
495,0.75,495,529045.3718295575,1888.3617493789857,8140.168459145987,1493.708851642521
495,0.95,495,575300.2349897362,2112.130273661071,10904.289747841967,1921.6962157435582
496,0.05,496,398438.82627848675,1306.8183770812684,607.0064250587657,240.89300628001206
496,0.25,496,450758.48634066456,1582.2695329956696,4522.649925472755,784.8728702692861
496,0.5,496,487125.3331401132,1773.7327415861928,7244.372641782101,1162.9875665836807
496,0.75,496,523492.17993956176,1965.1959501767158,9966.095358091441,1541.1022628980766
496,0.95,496,575811.8400017396,2240.6471060911163,13881.73885850544,2085.0821268873497
497,0.05,497,422382.69267882465,1359.432160839272,1484.4814148698051,498.09784893558333
497,0.25,497,468665.11859501863,1579.4806896507523,4095.08147151876,941.561080615819
497,0.5,497,500835.5472790117,1732.4341133966411,5909.6821818818735,1249.8077203787188
497,0.75,497,533005.9759630047,1885.3875371425297,7724.282892244978,1558.0543601416189
497,0.95,497,579288.4018791986,2105.436065954009,10334.882948893932,2001.5175918218554
498,0.05,498,415315.6764637549,1337.0706659279092,1509.9288112462755,418.6664953185822
498,0.25,498,462391.52135183394,1568.920209603932,4483.798491962039,842.1015667526217
498,0.5,498,495113.4472390585,1730.0763949722557,6550.9041067842145,1136.42684245309
498,0.75,498,527835.3731262832,1891.2325803405793,8618.009721606388,1430.7521181535594
498,0.95,498,574911.218014362,2123.0821240166033,11591.879402322162,1854.1871895875997
499,0.05,499,386847.2640020536,1359.9955793872832,376.4523982918781,-12.087926374779954
499,0.25,499,438362.67009201966,1618.8893205269487,4808.926907319074,800.0317106082825
499,0.5,499,474170.4883931844,1798.8436438190556,7889.893435402095,1364.5275499521847
499,0.75,499,509978.30669434916,1978.7979671111625,10970.859963485118,1929.0233892960878
499,0.95,499,561493.7127843151,2237.691708250828,15403.334472512279,2741.1430262791464
500,0.05,500,417024.44024810777,1347.359324428186,1534.0692798490127,450.298459928537
500,0.25,500,463539.57086533355,1574.1501417422105,4383.841458529416,874.7749574619636
500,0.5,500,495871.7501456012,1731.7900594897478,6364.6882016511445,1169.8241175180326
500,0.75,500,528203.9294258689,1889.4299772372851,8345.534944772866,1464.8732775741016
500,0.95,500,574719.0600430948,2116.2207945513096,11195.307123453276,1889.3497751075283
501,0.05,501,415761.77208649233,1340.0199150224198,1519.372320588187,427.57079638362586
501,0.25,501,462665.11444879835,1570.3948106050673,4458.616373489609,850.8907135022902
501,0.5,501,495267.13564016187,1730.5259835549,6501.654077691525,1145.135946646278
501,0.75,501,527869.1568315255,1890.657156504733,8544.69178189344,1439.3811797902654
501,0.95,501,574772.4991938312,2121.032052087379,11483.935834794864,1862.7010969089297
502,0.05,502,424990.391003354,1357.7743047108033,1436.074964844227,501.3984154887595
502,0.25,502,471646.34363779926,1577.4437203808782,3981.5491740829602,957.6816523539959
502,0.5,502,504076.40682480705,1730.1336265596271,5750.881591176607,1274.8393432203818
502,0.75,502,536506.4700118147,1882.8235327383763,7520.214008270264,1591.997034086768
502,0.95,502,583162.4226462601,2102.4929484084505,10065.688217508965,2048.2802709520047
503,0.05,503,420243.95239747385,1357.7748811369238,1516.951891469118,487.2555880102101
503,0.25,503,466407.36759458366,1579.2434085716222,4200.868625915364,921.442216577875
503,0.5,503,498495.0731763378,1733.1838584626469,6066.430989816154,1223.240786842365
503,0.75,503,530582.778758092,1887.124308353672,7931.993353716955,1525.039357106854
503,0.95,503,576746.1939552019,2108.5928357883695,10615.910088163193,1959.2259856745197
504,0.05,504,422382.69267882465,1359.432160839272,1484.4814148698051,498.09784893558333
504,0.25,504,468665.11859501863,1579.4806896507523,4095.08147151876,941.561080615819
504,0.5,504,500835.5472790117,1732.4341133966411,5909.6821818818735,1249.8077203787188
504,0.75,504,533005.9759630047,1885.3875371425297,7724.282892244978,1558.0543601416189
504,0.95,504,579288.4018791986,2105.436065954009,10334.882948893932,2001.5175918218554
505,0.05,505,420243.95239747385,1357.7748811369238,1516.951891469118,487.2555880102101
505,0.25,505,466407.36759458366,1579.2434085716222,4200.868625915364,921.442216577875
505,0.5,505,498495.0731763378,1733.1838584626469,6066.430989816154,1223.240786842365
505,0.75,505,530582.778758092,1887.124308353672,7931.993353716955,1525.039357106854
505,0.95,505,576746.1939552019,2108.5928357883695,10615.910088163193,1959.2259856745197
506,0.05,506,417024.44024810777,1347.359324428186,1534.0692798490127,450.298459928537
506,0.25,506,463539.57086533355,1574.1501417422105,4383.841458529416,874.7749574619636
506,0.5,506,495871.7501456012,1731.7900594897478,6364.6882016511445,1169.8241175180326
506,0.75,506,528203.9294258689,1889.4299772372851,8345.534944772866,1464.8732775741016
506,0.95,506,574719.0600430948,2116.2207945513096,11195.307123453276,1889.3497751075283
507,0.05,507,389563.8967505007,1338.3611338157039,267.59820789414425,115.65682025629258
507,0.25,507,442258.33658260904,1612.7492680627156,4538.1976813162355,819.7171563227955
507,0.5,507,478885.68886814814,1803.4735814448893,7506.646570456089,1309.1021092997432
507,0.75,507,515513.04115368717,1994.1978948270628,10475.095459595936,1798.4870622766907
507,0.95,507,568207.4809857955,2268.5860290740748,14745.694933018025,2502.547398343194
508,0.05,508,385458.6035412713,1374.6249670413779,1451.6261164208145,-399.4704226995275
508,0.25,508,431774.6474253908,1576.0214261833894,6293.057297820569,696.9622112375669
508,0.5,508,463968.44360618736,1716.0099919895265,9658.285318316019,1459.0810319049638
508,0.75,508,496162.2397869839,1855.9985577956638,13023.513338811452,2221.1998525723625
508,0.95,508,542478.2836711034,2057.395016937675,17864.944520211204,3317.6324865094543
509,0.05,509,418487.96846645797,1353.5149179582743,1533.4237542566407,470.7424343953063
509,0.25,509,464742.8316266367,1577.2834422403603,4297.545042952621,898.7297984963437
509,0.5,509,496894.10172809707,1732.822595809673,6218.856751049299,1196.2193250694324
509,0.75,509,529045.3718295575,1888.3617493789857,8140.168459145987,1493.708851642521
509,0.95,509,575300.2349897362,2112.130273661071,10904.289747841967,1921.6962157435582
510,0.05,510,417024.44024810777,1347.359324428186,1534.0692798490127,450.298459928537
510,0.25,510,463539.57086533355,1574.1501417422105,4383.841458529416,874.7749574619636
510,0.5,510,495871.7501456012,1731.7900594897478,6364.6882016511445,1169.8241175180326
510,0.75,510,528203.9294258689,1889.4299772372851,8345.534944772866,1464.8732775741016
510,0.95,510,574719.0600430948,2116.2207945513096,11195.307123453276,1889.3497751075283
511,0.05,511,418487.96846645797,1353.5149179582743,1533.4237542566407,470.7424343953063
511,0.25,511,464742.8316266367,1577.2834422403603,4297.545042952621,898.7297984963437
511,0.5,511,496894.10172809707,1732.822595809673,6218.856751049299,1196.2193250694324
511,0.75,511,529045.3718295575,1888.3617493789857,8140.168459145987,1493.708851642521
511,0.95,511,575300.2349897362,2112.130273661071,10904.289747841967,1921.6962157435582
512,0.05,512,417024.44024810777,1347.359324428186,1534.0692798490127,450.298459928537
512,0.25,512,463539.57086533355,1574.1501417422105,4383.841458529416,874.7749574619636
512,0.5,512,495871.7501456012,1731.7900594897478,6364.6882016511445,1169.8241175180326
512,0.75,512,528203.9294258689,1889.4299772372851,8345.534944772866,1464.8732775741016
512,0.95,512,574719.0600430948,2116.2207945513096,11195.307123453276,1889.3497751075283
513,0.05,513,415761.77208649233,1340.0199150224198,1519.372320588187,427.57079638362586
513,0.25,513,462665.11444879835,1570.3948106050673,4458.616373489609,850.8907135022902
513,0.5,513,495267.13564016187,1730.5259835549,6501.654077691525,1145.135946646278
513,0.75,513,527869.1568315255,1890.657156504733,8544.69178189344,1439.3811797902654
513,0.95,513,574772.4991938312,2121.032052087379,11483.935834794864,1862.7010969089297
514,0.05,514,418487.96846645797,1353.5149179582743,1533.4237542566407,470.7424343953063
514,0.25,514,464742.8316266367,1577.2834422403603,4297.545042952621,898.7297984963437
514,0.5,514,496894.10172809707,1732.822595809673,6218.856751049299,1196.2193250694324
514,0.75,514,529045.3718295575,1888.3617493789857,8140.168459145987,1493.708851642521
514,0.95,514,575300.2349897362,2112.130273661071,10904.289747841967,1921.6962157435582
515,0.05,515,415761.77208649233,1340.0199150224198,1519.372320588187,427.57079638362586
515,0.25,515,462665.11444879835,1570.3948106050673,4458.616373489609,850.8907135022902
515,0.5,515,495267.13564016187,1730.5259835549,6501.654077691525,1145.135946646278
515,0.75,515,527869.1568315255,1890.657156504733,8544.69178189344,1439.3811797902654
515,0.95,515,574772.4991938312,2121.032052087379,11483.935834794864,1862.7010969089297
516,0.05,516,390540.6407986592,1332.9843681161906,279.8611239783604,140.00405701027717
516,0.25,516,443361.4562414676,1609.452749557459,4507.2551659912315,818.6988053835786
516,0.5,516,480076.6508881394,1801.623020939525,7445.6724130467155,1290.452404477101
516,0.75,516,516791.84553481115,1993.7932923215903,10384.089660102194,1762.206003570625
516,0.95,516,569612.6609776195,2270.2616737628605,14611.483702115074,2440.9007519439238
517,0.05,517,412289.81470172346,1318.167715473965,1393.676259871735,361.2100882650782
517,0.25,517,460708.2898180913,1560.9462317274297,4604.870762168183,792.3384411691283
517,0.5,517,494363.46389084443,1729.6990312734215,6836.938370586525,1092.011236105624
517,0.75,517,528018.6379635974,1898.4518308194129,9069.005979004869,1391.6840310421196
517,0.95,517,576437.1130799651,2141.230347072877,12280.200481301308,1822.8123839461696
518,0.05,518,422382.69267882465,1359.432160839272,1484.4814148698051,498.09784893558333
518,0.25,518,468665.11859501863,1579.4806896507523,4095.08147151876,941.561080615819
518,0.5,518,500835.5472790117,1732.4341133966411,5909.6821818818735,1249.8077203787188
518,0.75,518,533005.9759630047,1885.3875371425297,7724.282892244978,1558.0543601416189
518,0.95,518,579288.4018791986,2105.436065954009,10334.882948893932,2001.5175918218554
519,0.05,519,415761.77208649233,1340.0199150224198,1519.372320588187,427.57079638362586
519,0.25,519,462665.11444879835,1570.3948106050673,4458.616373489609,850.8907135022902
519,0.5,519,495267.13564016187,1730.5259835549,6501.654077691525,1145.135946646278
519,0.75,519,527869.1568315255,1890.657156504733,8544.69178189344,1439.3811797902654
519,0.95,519,574772.4991938312,2121.032052087379,11483.935834794864,1862.7010969089297
520,0.05,520,402306.72567306104,1301.9879690259863,825.6653786834086,268.36638122963234
520,0.25,520,453863.1586491486,1571.1967161193186,4580.2524191102875,769.4375286527884
520,0.5,520,489699.4943084245,1758.320891830318,7190.026479800465,1117.726826257281
520,0.75,520,525535.8299677004,1945.4450675413173,9799.800540490629,1466.0161238617736
520,0.95,520,577092.2629437878,2214.6538146346516,13554.387580917508,1967.087271284928
521,0.05,521,433388.4761058232,1336.591528942419,1260.7670065748625,467.29834637252156
521,0.25,521,482215.5976276423,1560.4865119255267,3692.390957161795,971.1969936553758
521,0.5,521,516154.81752952584,1716.1135656111833,5382.587253922367,1321.4516567477376
521,0.75,521,550094.0374314093,1871.74061929684,7072.783550682939,1671.7063198400997
521,0.95,521,598921.1589532286,2095.6356022799478,9504.407501269874,2175.604967122954
522,0.05,522,415761.77208649233,1340.0199150224198,1519.372320588187,427.57079638362586
522,0.25,522,462665.11444879835,1570.3948106050673,4458.616373489609,850.8907135022902
522,0.5,522,495267.13564016187,1730.5259835549,6501.654077691525,1145.135946646278
522,0.75,522,527869.1568315255,1890.657156504733,8544.69178189344,1439.3811797902654
522,0.95,522,574772.4991938312,2121.032052087379,11483.935834794864,1862.7010969089297
523,0.05,523,413478.02858190535,1324.7041452611556,1447.7416153957593,381.561137194995
523,0.25,523,461374.94359134434,1563.2508425009723,4569.796473453767,808.4664445162964
523,0.5,523,494667.5867056997,1729.0621490485503,6739.904050367259,1105.2038447741497
523,0.75,523,527960.2298200551,1894.8734555961285,8910.01162728074,1401.9412450320021
523,0.95,523,575857.144829494,2133.420152835946,12032.066485338748,1828.8465523533027
524,0.05,524,386491.3485705246,1364.8516576770844,447.3666548047131,-51.80823805566547
524,0.25,524,437541.88335259166,1618.125371076979,4918.988666292244,788.4149373446128
524,0.5,524,473026.57448481594,1794.173272049484,8027.16621262089,1372.4452513950946
524,0.75,524,508511.2656170403,1970.2211730219888,11135.343758949532,1956.4755654455766
524,0.95,524,559561.8003991075,2223.494886421884,15606.965770437066,2796.6987408458544
525,0.05,525,412289.81470172346,1318.167715473965,1393.676259871735,361.2100882650782
525,0.25,525,460708.2898180913,1560.9462317274297,4604.870762168183,792.3384411691283
525,0.5,525,494363.46389084443,1729.6990312734215,6836.938370586525,1092.011236105624
525,0.75,525,528018.6379635974,1898.4518308194129,9069.005979004869,1391.6840310421196
525,0.95,525,576437.1130799651,2141.230347072877,12280.200481301308,1822.8123839461696
526,0.05,526,403979.6358219689,1301.464306624925,924.1904356003488,279.7254698124593
526,0.25,526,455130.9509072686,1567.2388683166466,4603.524395178249,765.195326788074
526,0.5,526,490685.69337093696,1751.9759777846145,7160.990828885183,1102.6403310828418
526,0.75,526,526240.4358346055,1936.7130872525827,9718.457262592121,1440.0853353776083
526,0.95,526,577391.750919905,2202.487648944304,13397.79122217001,1925.555192353223
527,0.05,527,406901.521875444,1303.1445015077386,1097.175454157853,301.4259205906683
527,0.25,527,457238.3303713505,1561.9741034103752,4633.431236769414,763.4048304286771
527,0.5,527,492226.91785009747,1741.8838441917367,7091.445530766444,1084.521523822493
527,0.75,527,527215.5053288444,1921.7935849730984,9549.459824763473,1405.6382172163092
527,0.95,527,577552.3138247511,2180.6231868757336,13085.715607375034,1867.617127054315
528,0.05,528,387330.0288122966,1354.7834553166515,323.2323273039674,24.67549771116046
528,0.25,528,439245.11610768444,1618.6477552170327,4716.378580111388,809.0636582407226
528,0.5,528,475330.74862149754,1802.0570617552812,7770.0084499070035,1354.2836392455533
528,0.75,528,511416.38113531057,1985.4663682935293,10823.63831970262,1899.5036202503843
528,0.95,528,563331.4684306985,2249.330668193911,15216.784572510054,2683.891780779948
529,0.05,529,387028.62108860875,1357.8925610987264,352.4104475383092,3.379124115579316
529,0.25,529,438716.39331839496,1618.9109015326776,4768.809830290239,804.089379175537
529,0.5,529,474644.0215149758,1800.3420115040874,7838.602706750935,1360.6546768457963
529,0.75,529,510571.6497115566,1981.7731214754974,10908.395583211633,1917.2199745160558
529,0.95,529,562259.4219413426,2242.791461909447,15324.794965963556,2717.9302295760085
530,0.05,530,417024.44024810777,1347.359324428186,1534.0692798490127,450.298459928537
530,0.25,530,463539.57086533355,1574.1501417422105,4383.841458529416,874.7749574619636
530,0.5,530,495871.7501456012,1731.7900594897478,6364.6882016511445,1169.8241175180326
530,0.75,530,528203.9294258689,1889.4299772372851,8345.534944772866,1464.8732775741016
530,0.95,530,574719.0600430948,2116.2207945513096,11195.307123453276,1889.3497751075283
531,0.05,531,417024.44024810777,1347.359324428186,1534.0692798490127,450.298459928537
531,0.25,531,463539.57086533355,1574.1501417422105,4383.841458529416,874.7749574619636
531,0.5,531,495871.7501456012,1731.7900594897478,6364.6882016511445,1169.8241175180326
531,0.75,531,528203.9294258689,1889.4299772372851,8345.534944772866,1464.8732775741016
531,0.95,531,574719.0600430948,2116.2207945513096,11195.307123453276,1889.3497751075283
532,0.05,532,422382.69267882465,1359.432160839272,1484.4814148698051,498.09784893558333
532,0.25,532,468665.11859501863,1579.4806896507523,4095.08147151876,941.561080615819
532,0.5,532,500835.5472790117,1732.4341133966411,5909.6821818818735,1249.8077203787188
532,0.75,532,533005.9759630047,1885.3875371425297,7724.282892244978,1558.0543601416189
532,0.95,532,579288.4018791986,2105.436065954009,10334.882948893932,2001.5175918218554
533,0.05,533,385796.7525909168,1378.64991922242,1009.4968816969013,-271.8838848851335
533,0.25,533,433942.6581919509,1599.1106670886395,5692.359332153053,719.3099431806595
533,0.5,533,467408.37205424823,1752.3506199746967,8947.367891387561,1408.2783739959377
533,0.75,533,500874.08591654565,1905.5905728607534,12202.376450622072,2097.2468048112164
533,0.95,533,549019.9915175796,2126.051320726973,16885.238901078206,3088.440632877005
534,0.05,534,420243.95239747385,1357.7748811369238,1516.951891469118,487.2555880102101
534,0.25,534,466407.36759458366,1579.2434085716222,4200.868625915364,921.442216577875
534,0.5,534,498495.0731763378,1733.1838584626469,6066.430989816154,1223.240786842365
534,0.75,534,530582.778758092,1887.124308353672,7931.993353716955,1525.039357106854
534,0.95,534,576746.1939552019,2108.5928357883695,10615.910088163193,1959.2259856745197
535,0.05,535,412289.81470172346,1318.167715473965,1393.676259871735,361.2100882650782
535,0.25,535,460708.2898180913,1560.9462317274297,4604.870762168183,792.3384411691283
535,0.5,535,494363.46389084443,1729.6990312734215,6836.938370586525,1092.011236105624
535,0.75,535,528018.6379635974,1898.4518308194129,9069.005979004869,1391.6840310421196
535,0.95,535,576437.1130799651,2141.230347072877,12280.200481301308,1822.8123839461696
536,0.05,536,417024.44024810777,1347.359324428186,1534.0692798490127,450.298459928537
536,0.25,536,463539.57086533355,1574.1501417422105,4383.841458529416,874.7749574619636
536,0.5,536,495871.7501456012,1731.7900594897478,6364.6882016511445,1169.8241175180326
536,0.75,536,528203.9294258689,1889.4299772372851,8345.534944772866,1464.8732775741016
536,0.95,536,574719.0600430948,2116.2207945513096,11195.307123453276,1889.3497751075283
537,0.05,537,418487.96846645797,1353.5149179582743,1533.4237542566407,470.7424343953063
537,0.25,537,464742.8316266367,1577.2834422403603,4297.545042952621,898.7297984963437
537,0.5,537,496894.10172809707,1732.822595809673,6218.856751049299,1196.2193250694324
537,0.75,537,529045.3718295575,1888.3617493789857,8140.168459145987,1493.708851642521
537,0.95,537,575300.2349897362,2112.130273661071,10904.289747841967,1921.6962157435582
538,0.05,538,429650.52440497576,1348.2864876508825,1340.3584485969805,489.06500931463404
538,0.25,538,477370.76199503586,1569.5459745425048,3809.8149246235744,970.7884126597073
538,0.5,538,510540.59848878544,1723.3411225451787,5526.30821289872,1305.6292963416645
538,0.75,538,543710.4349825351,1877.1362705478532,7242.801501173859,1640.4701800236217
538,0.95,538,591430.6725725951,2098.395757439476,9712.257977200461,2122.193583368695
539,0.05,539,420243.95239747385,1357.7748811369238,1516.951891469118,487.2555880102101
539,0.25,539,466407.36759458366,1579.2434085716222,4200.868625915364,921.442216577875
539,0.5,539,498495.0731763378,1733.1838584626469,6066.430989816154,1223.240786842365
539,0.75,539,530582.778758092,1887.124308353672,7931.993353716955,1525.039357106854
539,0.95,539,576746.1939552019,2108.5928357883695,10615.910088163193,1959.2259856745197
540,0.05,540,418487.96846645797,1353.5149179582743,1533.4237542566407,470.7424343953063
540,0.25,540,464742.8316266367,1577.2834422403603,4297.545042952621,898.7297984963437
540,0.5,540,496894.10172809707,1732.822595809673,6218.856751049299,1196.2193250694324
540,0.75,540,529045.3718295575,1888.3617493789857,8140.168459145987,1493.708851642521
540,0.95,540,575300.2349897362,2112.130273661071,10904.289747841967,1921.6962157435582
541,0.05,541,415761.77208649233,1340.0199150224198,1519.372320588187,427.57079638362586
541,0.25,541,462665.11444879835,1570.3948106050673,4458.616373489609,850.8907135022902
541,0.5,541,495267.13564016187,1730.5259835549,6501.654077691525,1145.135946646278
541,0.75,541,527869.1568315255,1890.657156504733,8544.69178189344,1439.3811797902654
541,0.95,541,574772.4991938312,2121.032052087379,11483.935834794864,1862.7010969089297
542,0.05,542,420243.95239747385,1357.7748811369238,1516.951891469118,487.2555880102101
542,0.25,542,466407.36759458366,1579.2434085716222,4200.868625915364,921.442216577875
542,0.5,542,498495.0731763378,1733.1838584626469,6066.430989816154,1223.240786842365
542,0.75,542,530582.778758092,1887.124308353672,7931.993353716955,1525.039357106854
542,0.95,542,576746.1939552019,2108.5928357883695,10615.910088163193,1959.2259856745197
543,0.05,543,416124.9175012029,1342.3032503843197,1525.3492993412838,434.53367940956684
543,0.25,543,462900.8029185188,1571.553742159159,4437.455719804576,857.9715978650092
543,0.5,543,495414.2301246297,1730.9033538188257,6461.630340412208,1152.2988525001838
543,0.75,543,527927.6573307406,1890.252965478492,8485.804961019836,1446.626107135359
543,0.95,543,574703.5427480566,2119.5034572533314,11397.911381483136,1870.064025590801
544,0.05,544,430253.2500957132,1346.6095800104472,1327.6133392841484,486.1744611117183
544,0.25,544,478138.7378515922,1568.2256124084727,3789.8465370891126,971.3741136982378
544,0.5,544,511423.43800188665,1722.2685914519623,5501.319000455148,1308.6313017569837
544,0.75,544,544708.1381521809,1876.311570495452,7212.791463821182,1645.8884898157298
544,0.95,544,592593.62590806,2097.9276028934764,9675.02466162614,2131.088142402249
545,0.05,545,412630.5110304872,1319.8773659149206,1409.880259842088,366.64540921705645
545,0.25,545,460904.1383293227,1561.4741282088594,4596.4167464940265,796.4454208584184
545,0.5,545,494458.63020377443,1729.4055029759127,6811.344826936527,1095.194899719461
545,0.75,545,528013.1220782262,1897.3368777429666,9026.272907379023,1393.9443785805038
545,0.95,545,576286.7493770615,2138.9336400369048,12212.809394030948,1823.7443902218643
546,0.05,546,403743.1349526392,1301.4769961983118,910.1925109902595,278.09795953632033
546,0.25,546,454954.3921450987,1567.7616325082129,4600.422364315383,765.675114919882
546,0.5,546,490550.79973857367,1752.8532894918485,7165.462419452156,1104.5848802293724
546,0.75,546,526147.2073320486,1937.9449464754837,9730.502474588924,1443.4946455388606
546,0.95,546,577358.4645245081,2204.2295827853845,13420.732327914036,1931.0718009224224
547,0.05,547,417024.44024810777,1347.359324428186,1534.0692798490127,450.298459928537
547,0.25,547,463539.57086533355,1574.1501417422105,4383.841458529416,874.7749574619636
547,0.5,547,495871.7501456012,1731.7900594897478,6364.6882016511445,1169.8241175180326
547,0.75,547,528203.9294258689,1889.4299772372851,8345.534944772866,1464.8732775741016
547,0.95,547,574719.0600430948,2116.2207945513096,11195.307123453276,1889.3497751075283
548,0.05,548,412289.81470172346,1318.167715473965,1393.676259871735,361.2100882650782
548,0.25,548,460708.2898180913,1560.9462317274297,4604.870762168183,792.3384411691283
548,0.5,548,494363.46389084443,1729.6990312734215,6836.938370586525,1092.011236105624
548,0.75,548,528018.6379635974,1898.4518308194129,9069.005979004869,1391.6840310421196
548,0.95,548,576437.1130799651,2141.230347072877,12280.200481301308,1822.8123839461696
549,0.05,549,384032.3958794491,1352.0215454743347,2066.2393741348933,-534.996218901786
549,0.25,549,428298.77708549734,1533.6657695608653,7187.6307835375155,731.1647569376714
549,0.5,549,459067.87424272636,1659.9247640097792,10747.456221325423,1611.259967362805
549,0.75,549,489836.97139995545,1786.183758458693,14307.281659113347,2491.3551777879366
549,0.95,549,534103.3526060038,1967.8279825452241,19428.673068515945,3757.5161536274
550,0.05,550,414609.16713694675,1332.2209294098898,1490.1823038449475,404.1435203858339
550,0.25,550,461987.31907622254,1566.573847439627,4520.878196611619,828.3642302096047
550,0.5,550,494919.3754230908,1729.470102057158,6627.483115240285,1123.2355949122793
550,0.75,550,527851.431769959,1892.3663566746893,8734.088033868951,1418.1069596149537
550,0.95,550,575229.5837092348,2126.7192747044273,11764.783926635619,1842.3276694387248
551,0.05,551,399553.335374879,1304.9276664121694,668.1110393475392,249.29823719105298
551,0.25,551,451679.05731149204,1578.8463310048771,4538.824439427284,779.8381493367026
551,0.5,551,487911.09975455527,1769.2443209557682,7229.316714376769,1148.6108761293538
551,0.75,551,524143.14219761844,1959.6423109066588,9919.808989326255,1517.3836029220038
551,0.95,551,576268.8641342315,2233.5609754993675,13790.522389406007,2047.9235150676561
552,0.05,552,408321.7364030773,1305.3530884748925,1179.8905466720435,313.79319738733943
552,0.25,552,458210.61693576846,1560.3799277367445,4639.746080980705,766.0204603853362
552,0.5,552,492887.8543867038,1737.6464081030401,7044.655363932769,1080.3588863697037
552,0.75,552,527565.0918376392,1914.9128884693362,9449.56464688483,1394.6973123540704
552,0.95,552,577453.9723703301,2169.9397277311873,12909.420181193489,1846.924575352069
553,0.05,553,394024.14110592875,1318.3618280006012,391.7455534558794,197.84119591634567
553,0.25,553,446861.131539188,1597.1239727391073,4479.408535842726,806.1905296787806
553,0.5,553,483587.56925202295,1790.8886149241496,7320.700189335379,1229.0477691025976
553,0.75,553,520314.0069648578,1984.6532571091916,10161.991842828027,1651.9050085264153
553,0.95,553,573150.9973981172,2263.4154018476984,14249.65482521486,2260.2543422888502
554,0.05,554,386847.2640020536,1359.9955793872832,376.4523982918781,-12.087926374779954
554,0.25,554,438362.67009201966,1618.8893205269487,4808.926907319074,800.0317106082825
554,0.5,554,474170.4883931844,1798.8436438190556,7889.893435402095,1364.5275499521847
554,0.75,554,509978.30669434916,1978.7979671111625,10970.859963485118,1929.0233892960878
554,0.95,554,561493.7127843151,2237.691708250828,15403.334472512279,2741.1430262791464
555,0.05,555,422382.69267882465,1359.432160839272,1484.4814148698051,498.09784893558333
555,0.25,555,468665.11859501863,1579.4806896507523,4095.08147151876,941.561080615819
555,0.5,555,500835.5472790117,1732.4341133966411,5909.6821818818735,1249.8077203787188
555,0.75,555,533005.9759630047,1885.3875371425297,7724.282892244978,1558.0543601416189
555,0.95,555,579288.4018791986,2105.436065954009,10334.882948893932,2001.5175918218554
556,0.05,556,409700.4902299803,1308.5527697203443,1257.990716287154,327.65004151275957
556,0.25,556,459118.277506527,1559.6105060167426,4638.178575866248,771.4712233563441
556,0.5,556,493468.0629775739,1734.11810455345,6987.711693944225,1079.9666705223651
556,0.75,556,527817.8484486209,1908.625703090157,9337.244812022202,1388.462117688387
556,0.95,556,577235.6357251673,2159.6834393865565,12717.432671601284,1832.2832995319711
557,0.05,557,415761.77208649233,1340.0199150224198,1519.372320588187,427.57079638362586
557,0.25,557,462665.11444879835,1570.3948106050673,4458.616373489609,850.8907135022902
557,0.5,557,495267.13564016187,1730.5259835549,6501.654077691525,1145.135946646278
557,0.75,557,527869.1568315255,1890.657156504733,8544.69178189344,1439.3811797902654
557,0.95,557,574772.4991938312,2121.032052087379,11483.935834794864,1862.7010969089297
558,0.05,558,424990.391003354,1357.7743047108033,1436.074964844227,501.3984154887595
558,0.25,558,471646.34363779926,1577.4437203808782,3981.5491740829602,957.6816523539959
558,0.5,558,504076.40682480705,1730.1336265596271,5750.881591176607,1274.8393432203818
558,0.75,558,536506.4700118147,1882.8235327383763,7520.214008270264,1591.997034086768
558,0.95,558,583162.4226462601,2102.4929484084505,10065.688217508965,2048.2802709520047
559,0.05,559,385796.7525909168,1378.64991922242,1009.4968816969013,-271.8838848851335
559,0.25,559,433942.6581919509,1599.1106670886395,5692.359332153053,719.3099431806595
559,0.5,559,467408.37205424823,1752.3506199746967,8947.367891387561,1408.2783739959377
559,0.75,559,500874.08591654565,1905.5905728607534,12202.376450622072,2097.2468048112164
559,0.95,559,549019.9915175796,2126.051320726973,16885.238901078206,3088.440632877005
560,0.05,560,418487.96846645797,1353.5149179582743,1533.4237542566407,470.7424343953063
560,0.25,560,464742.8316266367,1577.2834422403603,4297.545042952621,898.7297984963437
560,0.5,560,496894.10172809707,1732.822595809673,6218.856751049299,1196.2193250694324
560,0.75,560,529045.3718295575,1888.3617493789857,8140.168459145987,1493.708851642521
560,0.95,560,575300.2349897362,2112.130273661071,10904.289747841967,1921.6962157435582
561,0.05,561,415761.77208649233,1340.0199150224198,1519.372320588187,427.57079638362586
561,0.25,561,462665.11444879835,1570.3948106050673,4458.616373489609,850.8907135022902
561,0.5,561,495267.13564016187,1730.5259835549,6501.654077691525,1145.135946646278
561,0.75,561,527869.1568315255,1890.657156504733,8544.69178189344,1439.3811797902654
561,0.95,561,574772.4991938312,2121.032052087379,11483.935834794864,1862.7010969089297
562,0.05,562,412289.81470172346,1318.167715473965,1393.676259871735,361.2100882650782
562,0.25,562,460708.2898180913,1560.9462317274297,4604.870762168183,792.3384411691283
562,0.5,562,494363.46389084443,1729.6990312734215,6836.938370586525,1092.011236105624
562,0.75,562,528018.6379635974,1898.4518308194129,9069.005979004869,1391.6840310421196
562,0.95,562,576437.1130799651,2141.230347072877,12280.200481301308,1822.8123839461696
563,0.05,563,385718.31123650883,1378.4880386777515,1151.561876231779,-315.90886547589025
563,0.25,563,433242.3547192121,1592.335272763217,5883.533953752966,708.7477753002283
563,0.5,563,466275.8187473013,1740.9782416057067,9172.67809952855,1420.9758561565982
563,0.75,563,499309.28277539037,1889.6212104481965,12461.822245304134,2133.2039370129696
563,0.95,563,546833.3262580936,2103.4684445336616,17193.794322825313,3157.860577789082
564,0.05,564,420243.95239747385,1357.7748811369238,1516.951891469118,487.2555880102101
564,0.25,564,466407.36759458366,1579.2434085716222,4200.868625915364,921.442216577875
564,0.5,564,498495.0731763378,1733.1838584626469,6066.430989816154,1223.240786842365
564,0.75,564,530582.778758092,1887.124308353672,7931.993353716955,1525.039357106854
564,0.95,564,576746.1939552019,2108.5928357883695,10615.910088163193,1959.2259856745197
565,0.05,565,385240.75266421837,1370.8509066507704,1606.1500110528932,-437.9884604391991
565,0.25,565,430987.3222646208,1566.568773577359,6509.05425804539,697.2153236011904
565,0.5,565,462785.2828454238,1702.6102095112947,9917.011561491963,1486.2835639393063
565,0.75,565,494583.2434262267,1838.6516454452305,13324.968864938543,2275.351804277422
565,0.95,565,540329.8130266292,2034.369512371818,18227.873111931018,3410.5555883178095
566,0.05,566,402499.3008393384,1301.8772688204363,836.9341693955603,269.66378015953705
566,0.25,566,454011.3421592276,1570.7116495846208,4583.063501063018,768.8550324435123
566,0.5,566,489816.8216440133,1757.5756071878793,7186.958697128248,1115.8376346596096
566,0.75,566,525622.3011287991,1944.4395647911376,9790.853893193482,1462.8202368757075
566,0.95,566,577134.342448688,2213.2739455553215,13536.983224860942,1962.0114891596804
567,0.05,567,331225.263732092,973.4415829814801,681.1724083497193,-131.659001325364
567,0.25,567,379978.0858521494,1221.4390284511167,8889.830030013207,2659.832816053542
567,0.5,567,413865.66101937846,1393.8194509410669,14595.58182200478,4600.169491480843
567,0.75,567,447753.2361866073,1566.1998734310184,20301.333613996372,6540.506166908135
567,0.95,567,496506.0583066651,1814.1973189006537,28509.99123565987,9331.997984287038
568,0.05,568,422382.69267882465,1359.432160839272,1484.4814148698051,498.09784893558333
568,0.25,568,468665.11859501863,1579.4806896507523,4095.08147151876,941.561080615819
568,0.5,568,500835.5472790117,1732.4341133966411,5909.6821818818735,1249.8077203787188
568,0.75,568,533005.9759630047,1885.3875371425297,7724.282892244978,1558.0543601416189
568,0.95,568,579288.4018791986,2105.436065954009,10334.882948893932,2001.5175918218554
569,0.05,569,420243.95239747385,1357.7748811369238,1516.951891469118,487.2555880102101
569,0.25,569,466407.36759458366,1579.2434085716222,4200.868625915364,921.442216577875
569,0.5,569,498495.0731763378,1733.1838584626469,6066.430989816154,1223.240786842365
569,0.75,569,530582.778758092,1887.124308353672,7931.993353716955,1525.039357106854
569,0.95,569,576746.1939552019,2108.5928357883695,10615.910088163193,1959.2259856745197
570,0.05,570,386065.8385743821,1372.8713753741363,635.7682369222748,-137.4470570418007
570,0.25,570,436037.0580759106,1613.5506193212395,5187.189976612423,760.6083961146295
570,0.5,570,470771.52848022897,1780.8442367115176,8350.835476798828,1384.8373196882162
570,0.75,570,505505.9988845473,1948.1378541017957,11514.480976985218,2009.0662432618044
570,0.95,570,555477.2183860762,2188.8170980488994,16065.902716675368,2907.121696418234
571,0.05,571,420243.95239747385,1357.7748811369238,1516.951891469118,487.2555880102101
571,0.25,571,466407.36759458366,1579.2434085716222,4200.868625915364,921.442216577875
571,0.5,571,498495.0731763378,1733.1838584626469,6066.430989816154,1223.240786842365
571,0.75,571,530582.778758092,1887.124308353672,7931.993353716955,1525.039357106854
571,0.95,571,576746.1939552019,2108.5928357883695,10615.910088163193,1959.2259856745197
572,0.05,572,412289.81470172346,1318.167715473965,1393.676259871735,361.2100882650782
572,0.25,572,460708.2898180913,1560.9462317274297,4604.870762168183,792.3384411691283
572,0.5,572,494363.46389084443,1729.6990312734215,6836.938370586525,1092.011236105624
572,0.75,572,528018.6379635974,1898.4518308194129,9069.005979004869,1391.6840310421196
572,0.95,572,576437.1130799651,2141.230347072877,12280.200481301308,1822.8123839461696
573,0.05,573,422382.69267882465,1359.432160839272,1484.4814148698051,498.09784893558333
573,0.25,573,468665.11859501863,1579.4806896507523,4095.08147151876,941.561080615819
573,0.5,573,500835.5472790117,1732.4341133966411,5909.6821818818735,1249.8077203787188
573,0.75,573,533005.9759630047,1885.3875371425297,7724.282892244978,1558.0543601416189
573,0.95,573,579288.4018791986,2105.436065954009,10334.882948893932,2001.5175918218554
574,0.05,574,417024.44024810777,1347.359324428186,1534.0692798490127,450.298459928537
574,0.25,574,463539.57086533355,1574.1501417422105,4383.841458529416,874.7749574619636
574,0.5,574,495871.7501456012,1731.7900594897478,6364.6882016511445,1169.8241175180326
574,0.75,574,528203.9294258689,1889.4299772372851,8345.534944772866,1464.8732775741016
574,0.95,574,574719.0600430948,2116.2207945513096,11195.307123453276,1889.3497751075283
575,0.05,575,422382.69267882465,1359.432160839272,1484.4814148698051,498.09784893558333
575,0.25,575,468665.11859501863,1579.4806896507523,4095.08147151876,941.561080615819
575,0.5,575,500835.5472790117,1732.4341133966411,5909.6821818818735,1249.8077203787188
575,0.75,575,533005.9759630047,1885.3875371425297,7724.282892244978,1558.0543601416189
575,0.95,575,579288.4018791986,2105.436065954009,10334.882948893932,2001.5175918218554
576,0.05,576,415761.77208649233,1340.0199150224198,1519.372320588187,427.57079638362586
576,0.25,576,462665.11444879835,1570.3948106050673,4458.616373489609,850.8907135022902
576,0.5,576,495267.13564016187,1730.5259835549,6501.654077691525,1145.135946646278
576,0.75,576,527869.1568315255,1890.657156504733,8544.69178189344,1439.3811797902654
576,0.95,576,574772.4991938312,2121.032052087379,11483.935834794864,1862.7010969089297
577,0.05,577,418487.96846645797,1353.5149179582743,1533.4237542566407,470.7424343953063
577,0.25,577,464742.8316266367,1577.2834422403603,4297.545042952621,898.7297984963437
577,0.5,577,496894.10172809707,1732.822595809673,6218.856751049299,1196.2193250694324
577,0.75,577,529045.3718295575,1888.3617493789857,8140.168459145987,1493.708851642521
577,0.95,577,575300.2349897362,2112.130273661071,10904.289747841967,1921.6962157435582
578,0.05,578,415761.77208649233,1340.0199150224198,1519.372320588187,427.57079638362586
578,0.25,578,462665.11444879835,1570.3948106050673,4458.616373489609,850.8907135022902
578,0.5,578,495267.13564016187,1730.5259835549,6501.654077691525,1145.135946646278
578,0.75,578,527869.1568315255,1890.657156504733,8544.69178189344,1439.3811797902654
578,0.95,578,574772.4991938312,2121.032052087379,11483.935834794864,1862.7010969089297
579,0.05,579,417024.44024810777,1347.359324428186,1534.0692798490127,450.298459928537
579,0.25,579,463539.57086533355,1574.1501417422105,4383.841458529416,874.7749574619636
579,0.5,579,495871.7501456012,1731.7900594897478,6364.6882016511445,1169.8241175180326
579,0.75,579,528203.9294258689,1889.4299772372851,8345.534944772866,1464.8732775741016
579,0.95,579,574719.0600430948,2116.2207945513096,11195.307123453276,1889.3497751075283
580,0.05,580,414609.16713694675,1332.2209294098898,1490.1823038449475,404.1435203858339
580,0.25,580,461987.31907622254,1566.573847439627,4520.878196611619,828.3642302096047
580,0.5,580,494919.3754230908,1729.470102057158,6627.483115240285,1123.2355949122793
580,0.75,580,527851.431769959,1892.3663566746893,8734.088033868951,1418.1069596149537
580,0.95,580,575229.5837092348,2126.7192747044273,11764.783926635619,1842.3276694387248
581,0.05,581,420243.95239747385,1357.7748811369238,1516.951891469118,487.2555880102101
581,0.25,581,466407.36759458366,1579.2434085716222,4200.868625915364,921.442216577875
581,0.5,581,498495.0731763378,1733.1838584626469,6066.430989816154,1223.240786842365
581,0.75,581,530582.778758092,1887.124308353672,7931.993353716955,1525.039357106854
581,0.95,581,576746.1939552019,2108.5928357883695,10615.910088163193,1959.2259856745197
582,0.05,582,422382.69267882465,1359.432160839272,1484.4814148698051,498.09784893558333
582,0.25,582,468665.11859501863,1579.4806896507523,4095.08147151876,941.561080615819
582,0.5,582,500835.5472790117,1732.4341133966411,5909.6821818818735,1249.8077203787188
582,0.75,582,533005.9759630047,1885.3875371425297,7724.282892244978,1558.0543601416189
582,0.95,582,579288.4018791986,2105.436065954009,10334.882948893932,2001.5175918218554
583,0.05,583,420243.95239747385,1357.7748811369238,1516.951891469118,487.2555880102101
583,0.25,583,466407.36759458366,1579.2434085716222,4200.868625915364,921.442216577875
583,0.5,583,498495.0731763378,1733.1838584626469,6066.430989816154,1223.240786842365
583,0.75,583,530582.778758092,1887.124308353672,7931.993353716955,1525.039357106854
583,0.95,583,576746.1939552019,2108.5928357883695,10615.910088163193,1959.2259856745197
584,0.05,584,416732.61182193074,1345.8211920847848,1532.1286522101973,445.4382444751287
584,0.25,584,463323.59974072344,1573.358022237531,4401.317525667109,869.469127459462
584,0.5,584,495708.506635456,1731.5164856824983,6395.660609618452,1164.2085455176048
584,0.75,584,528093.4135301885,1889.6749491274654,8390.003693569795,1458.947963575747
584,0.95,584,574684.4014489811,2117.2117792802114,11259.192567026697,1882.978846560079
585,0.05,585,415761.77208649233,1340.0199150224198,1519.372320588187,427.57079638362586
585,0.25,585,462665.11444879835,1570.3948106050673,4458.616373489609,850.8907135022902
585,0.5,585,495267.13564016187,1730.5259835549,6501.654077691525,1145.135946646278
585,0.75,585,527869.1568315255,1890.657156504733,8544.69178189344,1439.3811797902654
585,0.95,585,574772.4991938312,2121.032052087379,11483.935834794864,1862.7010969089297
586,0.05,586,415761.77208649233,1340.0199150224198,1519.372320588187,427.57079638362586
586,0.25,586,462665.11444879835,1570.3948106050673,4458.616373489609,850.8907135022902
586,0.5,586,495267.13564016187,1730.5259835549,6501.654077691525,1145.135946646278
586,0.75,586,527869.1568315255,1890.657156504733,8544.69178189344,1439.3811797902654
586,0.95,586,574772.4991938312,2121.032052087379,11483.935834794864,1862.7010969089297
587,0.05,587,415761.77208649233,1340.0199150224198,1519.372320588187,427.57079638362586
587,0.25,587,462665.11444879835,1570.3948106050673,4458.616373489609,850.8907135022902
587,0.5,587,495267.13564016187,1730.5259835549,6501.654077691525,1145.135946646278
587,0.75,587,527869.1568315255,1890.657156504733,8544.69178189344,1439.3811797902654
587,0.95,587,574772.4991938312,2121.032052087379,11483.935834794864,1862.7010969089297
588,0.05,588,420243.95239747385,1357.7748811369238,1516.951891469118,487.2555880102101
588,0.25,588,466407.36759458366,1579.2434085716222,4200.868625915364,921.442216577875
588,0.5,588,498495.0731763378,1733.1838584626469,6066.430989816154,1223.240786842365
588,0.75,588,530582.778758092,1887.124308353672,7931.993353716955,1525.039357106854
588,0.95,588,576746.1939552019,2108.5928357883695,10615.910088163193,1959.2259856745197
589,0.05,589,414609.16713694675,1332.2209294098898,1490.1823038449475,404.1435203858339
589,0.25,589,461987.31907622254,1566.573847439627,4520.878196611619,828.3642302096047
589,0.5,589,494919.3754230908,1729.470102057158,6627.483115240285,1123.2355949122793
589,0.75,589,527851.431769959,1892.3663566746893,8734.088033868951,1418.1069596149537
589,0.95,589,575229.5837092348,2126.7192747044273,11764.783926635619,1842.3276694387248
590,0.05,590,400740.30424433347,1303.354467290184,735.075592187176,257.7118211478182
590,0.25,590,452635.8471768008,1575.3952496816758,4556.7378672427985,774.9320939738191
590,0.5,590,488707.8946089967,1764.4879434162322,7213.135219806068,1134.446479217883
590,0.75,590,524779.9420411927,1953.580637150789,9869.532572369342,1493.960864461945
590,0.95,590,576675.4849736601,2225.62141954228,13691.194847424953,2011.181137287947
591,0.05,591,415761.77208649233,1340.0199150224198,1519.372320588187,427.57079638362586
591,0.25,591,462665.11444879835,1570.3948106050673,4458.616373489609,850.8907135022902
591,0.5,591,495267.13564016187,1730.5259835549,6501.654077691525,1145.135946646278
591,0.75,591,527869.1568315255,1890.657156504733,8544.69178189344,1439.3811797902654
591,0.95,591,574772.4991938312,2121.032052087379,11483.935834794864,1862.7010969089297
592,0.05,592,368958.94170678733,1207.6828315763232,2902.7093496013067,-575.4466764701021
592,0.25,592,412906.4107679731,1391.7274049894265,9357.79962193445,1395.5351542634082
592,0.5,592,443453.8354391632,1519.6548570720636,13844.665146893272,2765.5439463235634
592,0.75,592,474001.26011035324,1647.5823091547009,18331.530671852073,4135.552738383714
592,0.95,592,517948.7291715391,1831.626882567803,24786.620944185186,6106.534569117223
593,0.05,593,420243.95239747385,1357.7748811369238,1516.951891469118,487.2555880102101
593,0.25,593,466407.36759458366,1579.2434085716222,4200.868625915364,921.442216577875
593,0.5,593,498495.0731763378,1733.1838584626469,6066.430989816154,1223.240786842365
593,0.75,593,530582.778758092,1887.124308353672,7931.993353716955,1525.039357106854
593,0.95,593,576746.1939552019,2108.5928357883695,10615.910088163193,1959.2259856745197
594,0.05,594,410037.42810985964,1309.5146030337405,1276.6028522564975,331.38800757272895
594,0.25,594,459334.1784786003,1559.5587280509906,4636.365368827925,773.3199518205313
594,0.5,594,493599.83246488555,1733.3617760218258,6971.701045273007,1080.5022097545925
594,0.75,594,527865.4864511708,1907.164823992661,9307.036721718085,1387.684467688654
594,0.95,594,577162.2368199113,2157.20894900991,12666.799238289514,1829.6164119364587
595,0.05,595,399553.335374879,1304.9276664121694,668.1110393475392,249.29823719105298
595,0.25,595,451679.05731149204,1578.8463310048771,4538.824439427284,779.8381493367026
595,0.5,595,487911.09975455527,1769.2443209557682,7229.316714376769,1148.6108761293538
595,0.75,595,524143.14219761844,1959.6423109066588,9919.808989326255,1517.3836029220038
595,0.95,595,576268.8641342315,2233.5609754993675,13790.522389406007,2047.9235150676561
596,0.05,596,418487.96846645797,1353.5149179582743,1533.4237542566407,470.7424343953063
596,0.25,596,464742.8316266367,1577.2834422403603,4297.545042952621,898.7297984963437
596,0.5,596,496894.10172809707,1732.822595809673,6218.856751049299,1196.2193250694324
596,0.75,596,529045.3718295575,1888.3617493789857,8140.168459145987,1493.708851642521
596,0.95,596,575300.2349897362,2112.130273661071,10904.289747841967,1921.6962157435582
597,0.05,597,406901.521875444,1303.1445015077386,1097.175454157853,301.4259205906683
597,0.25,597,457238.3303713505,1561.9741034103752,4633.431236769414,763.4048304286771
597,0.5,597,492226.91785009747,1741.8838441917367,7091.445530766444,1084.521523822493
597,0.75,597,527215.5053288444,1921.7935849730984,9549.459824763473,1405.6382172163092
597,0.95,597,577552.3138247511,2180.6231868757336,13085.715607375034,1867.617127054315
598,0.05,598,418487.96846645797,1353.5149179582743,1533.4237542566407,470.7424343953063
598,0.25,598,464742.8316266367,1577.2834422403603,4297.545042952621,898.7297984963437
598,0.5,598,496894.10172809707,1732.822595809673,6218.856751049299,1196.2193250694324
598,0.75,598,529045.3718295575,1888.3617493789857,8140.168459145987,1493.708851642521
598,0.95,598,575300.2349897362,2112.130273661071,10904.289747841967,1921.6962157435582
599,0.05,599,420243.95239747385,1357.7748811369238,1516.951891469118,487.2555880102101
599,0.25,599,466407.36759458366,1579.2434085716222,4200.868625915364,921.442216577875
599,0.5,599,498495.0731763378,1733.1838584626469,6066.430989816154,1223.240786842365
599,0.75,599,530582.778758092,1887.124308353672,7931.993353716955,1525.039357106854
599,0.95,599,576746.1939552019,2108.5928357883695,10615.910088163193,1959.2259856745197
600,0.05,600,420243.95239747385,1357.7748811369238,1516.951891469118,487.2555880102101
600,0.25,600,466407.36759458366,1579.2434085716222,4200.868625915364,921.442216577875
600,0.5,600,498495.0731763378,1733.1838584626469,6066.430989816154,1223.240786842365
600,0.75,600,530582.778758092,1887.124308353672,7931.993353716955,1525.039357106854
600,0.95,600,576746.1939552019,2108.5928357883695,10615.910088163193,1959.2259856745197
601,0.05,601,417024.44024810777,1347.359324428186,1534.0692798490127,450.298459928537
601,0.25,601,463539.57086533355,1574.1501417422105,4383.841458529416,874.7749574619636
601,0.5,601,495871.7501456012,1731.7900594897478,6364.6882016511445,1169.8241175180326
601,0.75,601,528203.9294258689,1889.4299772372851,8345.534944772866,1464.8732775741016
601,0.95,601,574719.0600430948,2116.2207945513096,11195.307123453276,1889.3497751075283
602,0.05,602,414609.16713694675,1332.2209294098898,1490.1823038449475,404.1435203858339
602,0.25,602,461987.31907622254,1566.573847439627,4520.878196611619,828.3642302096047
602,0.5,602,494919.3754230908,1729.470102057158,6627.483115240285,1123.2355949122793
602,0.75,602,527851.431769959,1892.3663566746893,8734.088033868951,1418.1069596149537
602,0.95,602,575229.5837092348,2126.7192747044273,11764.783926635619,1842.3276694387248
603,0.05,603,420243.95239747385,1357.7748811369238,1516.951891469118,487.2555880102101
603,0.25,603,466407.36759458366,1579.2434085716222,4200.868625915364,921.442216577875
603,0.5,603,498495.0731763378,1733.1838584626469,6066.430989816154,1223.240786842365
603,0.75,603,530582.778758092,1887.124308353672,7931.993353716955,1525.039357106854
603,0.95,603,576746.1939552019,2108.5928357883695,10615.910088163193,1959.2259856745197
604,0.05,604,417024.44024810777,1347.359324428186,1534.0692798490127,450.298459928537
604,0.25,604,463539.57086533355,1574.1501417422105,4383.841458529416,874.7749574619636
604,0.5,604,495871.7501456012,1731.7900594897478,6364.6882016511445,1169.8241175180326
604,0.75,604,528203.9294258689,1889.4299772372851,8345.534944772866,1464.8732775741016
604,0.95,604,574719.0600430948,2116.2207945513096,11195.307123453276,1889.3497751075283
605,0.05,605,358638.46401031374,1134.6642775381242,2559.810630450468,-487.9840556828392
605,0.25,605,404251.4176169841,1338.5716193826631,9651.719771877193,1795.1758606751778
605,0.5,605,435956.5031223707,1480.3054734124958,14581.23141158139,3382.176364848133
605,0.75,605,467661.58862775756,1622.0393274423284,19510.743051285608,4969.17686902108
605,0.95,605,513274.5422344276,1825.9466692868687,26602.65219271231,7252.336785379114
606,0.05,606,373904.57989738346,1247.4591389166035,2904.4098912491763,-604.8168382843596
606,0.25,606,417137.96319875127,1423.060213827356,8990.943361606724,1179.9363100195417
606,0.5,606,447189.03435009613,1545.1186786856606,13221.628920212304,2420.4994987341825
606,0.75,606,477240.1055014409,1667.1771435439653,17452.31447881785,3661.062687448818
606,0.95,606,520473.4888028087,1842.7782184547168,23538.847949175397,5445.815835752713
607,0.05,607,385458.6035412713,1374.6249670413779,1451.6261164208145,-399.4704226995275
607,0.25,607,431774.6474253908,1576.0214261833894,6293.057297820569,696.9622112375669
607,0.5,607,463968.44360618736,1716.0099919895265,9658.285318316019,1459.0810319049638
607,0.75,607,496162.2397869839,1855.9985577956638,13023.513338811452,2221.1998525723625
607,0.95,607,542478.2836711034,2057.395016937675,17864.944520211204,3317.6324865094543
608,0.05,608,390540.6407986592,1332.9843681161906,279.8611239783604,140.00405701027717
608,0.25,608,443361.4562414676,1609.452749557459,4507.2551659912315,818.6988053835786
608,0.5,608,480076.6508881394,1801.623020939525,7445.6724130467155,1290.452404477101
608,0.75,608,516791.84553481115,1993.7932923215903,10384.089660102194,1762.206003570625
608,0.95,608,569612.6609776195,2270.2616737628605,14611.483702115074,2440.9007519439238
609,0.05,609,409700.4902299803,1308.5527697203443,1257.990716287154,327.65004151275957
609,0.25,609,459118.277506527,1559.6105060167426,4638.178575866248,771.4712233563441
609,0.5,609,493468.0629775739,1734.11810455345,6987.711693944225,1079.9666705223651
609,0.75,609,527817.8484486209,1908.625703090157,9337.244812022202,1388.462117688387
609,0.95,609,577235.6357251673,2159.6834393865565,12717.432671601284,1832.2832995319711
610,0.05,610,415761.77208649233,1340.0199150224198,1519.372320588187,427.57079638362586
610,0.25,610,462665.11444879835,1570.3948106050673,4458.616373489609,850.8907135022902
610,0.5,610,495267.13564016187,1730.5259835549,6501.654077691525,1145.135946646278
610,0.75,610,527869.1568315255,1890.657156504733,8544.69178189344,1439.3811797902654
610,0.95,610,574772.4991938312,2121.032052087379,11483.935834794864,1862.7010969089297
611,0.05,611,420243.95239747385,1357.7748811369238,1516.951891469118,487.2555880102101
611,0.25,611,466407.36759458366,1579.2434085716222,4200.868625915364,921.442216577875
611,0.5,611,498495.0731763378,1733.1838584626469,6066.430989816154,1223.240786842365
611,0.75,611,530582.778758092,1887.124308353672,7931.993353716955,1525.039357106854
611,0.95,611,576746.1939552019,2108.5928357883695,10615.910088163193,1959.2259856745197
612,0.05,612,331225.263732092,973.4415829814801,681.1724083497193,-131.659001325364
612,0.25,612,379978.0858521494,1221.4390284511167,8889.830030013207,2659.832816053542
612,0.5,612,413865.66101937846,1393.8194509410669,14595.58182200478,4600.169491480843
612,0.75,612,447753.2361866073,1566.1998734310184,20301.333613996372,6540.506166908135
612,0.95,612,496506.0583066651,1814.1973189006537,28509.99123565987,9331.997984287038
613,0.05,613,415761.77208649233,1340.0199150224198,1519.372320588187,427.57079638362586
613,0.25,613,462665.11444879835,1570.3948106050673,4458.616373489609,850.8907135022902
613,0.5,613,495267.13564016187,1730.5259835549,6501.654077691525,1145.135946646278
613,0.75,613,527869.1568315255,1890.657156504733,8544.69178189344,1439.3811797902654
613,0.95,613,574772.4991938312,2121.032052087379,11483.935834794864,1862.7010969089297
614,0.05,614,415761.77208649233,1340.0199150224198,1519.372320588187,427.57079638362586
614,0.25,614,462665.11444879835,1570.3948106050673,4458.616373489609,850.8907135022902
614,0.5,614,495267.13564016187,1730.5259835549,6501.654077691525,1145.135946646278
614,0.75,614,527869.1568315255,1890.657156504733,8544.69178189344,1439.3811797902654
614,0.95,614,574772.4991938312,2121.032052087379,11483.935834794864,1862.7010969089297
615,0.05,615,417024.44024810777,1347.359324428186,1534.0692798490127,450.298459928537
615,0.25,615,463539.57086533355,1574.1501417422105,4383.841458529416,874.7749574619636
615,0.5,615,495871.7501456012,1731.7900594897478,6364.6882016511445,1169.8241175180326
615,0.75,615,528203.9294258689,1889.4299772372851,8345.534944772866,1464.8732775741016
615,0.95,615,574719.0600430948,2116.2207945513096,11195.307123453276,1889.3497751075283
616,0.05,616,418487.96846645797,1353.5149179582743,1533.4237542566407,470.7424343953063
616,0.25,616,464742.8316266367,1577.2834422403603,4297.545042952621,898.7297984963437
616,0.5,616,496894.10172809707,1732.822595809673,6218.856751049299,1196.2193250694324
616,0.75,616,529045.3718295575,1888.3617493789857,8140.168459145987,1493.708851642521
616,0.95,616,575300.2349897362,2112.130273661071,10904.289747841967,1921.6962157435582
617,0.05,617,418487.96846645797,1353.5149179582743,1533.4237542566407,470.7424343953063
617,0.25,617,464742.8316266367,1577.2834422403603,4297.545042952621,898.7297984963437
617,0.5,617,496894.10172809707,1732.822595809673,6218.856751049299,1196.2193250694324
617,0.75,617,529045.3718295575,1888.3617493789857,8140.168459145987,1493.708851642521
617,0.95,617,575300.2349897362,2112.130273661071,10904.289747841967,1921.6962157435582
618,0.05,618,373904.57989738346,1247.4591389166035,2904.4098912491763,-604.8168382843596
618,0.25,618,417137.96319875127,1423.060213827356,8990.943361606724,1179.9363100195417
618,0.5,618,447189.03435009613,1545.1186786856606,13221.628920212304,2420.4994987341825
618,0.75,618,477240.1055014409,1667.1771435439653,17452.31447881785,3661.062687448818
618,0.95,618,520473.4888028087,1842.7782184547168,23538.847949175397,5445.815835752713
619,0.05,619,418487.96846645797,1353.5149179582743,1533.4237542566407,470.7424343953063
619,0.25,619,464742.8316266367,1577.2834422403603,4297.545042952621,898.7297984963437
619,0.5,619,496894.10172809707,1732.822595809673,6218.856751049299,1196.2193250694324
619,0.75,619,529045.3718295575,1888.3617493789857,8140.168459145987,1493.708851642521
619,0.95,619,575300.2349897362,2112.130273661071,10904.289747841967,1921.6962157435582
620,0.05,620,386491.3485705246,1364.8516576770844,447.3666548047131,-51.80823805566547
620,0.25,620,437541.88335259166,1618.125371076979,4918.988666292244,788.4149373446128
620,0.5,620,473026.57448481594,1794.173272049484,8027.16621262089,1372.4452513950946
620,0.75,620,508511.2656170403,1970.2211730219888,11135.343758949532,1956.4755654455766
620,0.95,620,559561.8003991075,2223.494886421884,15606.965770437066,2796.6987408458544
621,0.05,621,415761.77208649233,1340.0199150224198,1519.372320588187,427.57079638362586
621,0.25,621,462665.11444879835,1570.3948106050673,4458.616373489609,850.8907135022902
621,0.5,621,495267.13564016187,1730.5259835549,6501.654077691525,1145.135946646278
621,0.75,621,527869.1568315255,1890.657156504733,8544.69178189344,1439.3811797902654
621,0.95,621,574772.4991938312,2121.032052087379,11483.935834794864,1862.7010969089297
622,0.05,622,405450.59637637896,1301.867657300006,1011.431813442292,290.1910283366926
622,0.25,622,456209.1932916797,1564.29345796051,4620.832213048364,763.2540243555147
622,0.5,622,491490.9614755701,1746.7028787690808,7129.688562924248,1092.075149765337
622,0.75,622,526772.7296594606,1929.1122995776523,9638.544912800127,1420.89627517516
622,0.95,622,577531.3265747614,2191.538100238156,13247.945312406195,1893.959271193985
623,0.05,623,417024.44024810777,1347.359324428186,1534.0692798490127,450.298459928537
623,0.25,623,463539.57086533355,1574.1501417422105,4383.841458529416,874.7749574619636
623,0.5,623,495871.7501456012,1731.7900594897478,6364.6882016511445,1169.8241175180326
623,0.75,623,528203.9294258689,1889.4299772372851,8345.534944772866,1464.8732775741016
623,0.95,623,574719.0600430948,2116.2207945513096,11195.307123453276,1889.3497751075283
624,0.05,624,405450.59637637896,1301.867657300006,1011.431813442292,290.1910283366926
624,0.25,624,456209.1932916797,1564.29345796051,4620.832213048364,763.2540243555147
624,0.5,624,491490.9614755701,1746.7028787690808,7129.688562924248,1092.075149765337
624,0.75,624,526772.7296594606,1929.1122995776523,9638.544912800127,1420.89627517516
624,0.95,624,577531.3265747614,2191.538100238156,13247.945312406195,1893.959271193985
625,0.05,625,422382.69267882465,1359.432160839272,1484.4814148698051,498.09784893558333
625,0.25,625,468665.11859501863,1579.4806896507523,4095.08147151876,941.561080615819
625,0.5,625,500835.5472790117,1732.4341133966411,5909.6821818818735,1249.8077203787188
625,0.75,625,533005.9759630047,1885.3875371425297,7724.282892244978,1558.0543601416189
625,0.95,625,579288.4018791986,2105.436065954009,10334.882948893932,2001.5175918218554
626,0.05,626,418487.96846645797,1353.5149179582743,1533.4237542566407,470.7424343953063
626,0.25,626,464742.8316266367,1577.2834422403603,4297.545042952621,898.7297984963437
626,0.5,626,496894.10172809707,1732.822595809673,6218.856751049299,1196.2193250694324
626,0.75,626,529045.3718295575,1888.3617493789857,8140.168459145987,1493.708851642521
626,0.95,626,575300.2349897362,2112.130273661071,10904.289747841967,1921.6962157435582
627,0.05,627,385866.87574358925,1377.7099053942384,875.036928255432,-227.08281378168272
627,0.25,627,434634.5183822789,1604.9198555892126,5511.801040841844,731.9838759755337
627,0.5,627,468532.3951365196,1762.851108204981,8734.7671290621,1398.6210700132
627,0.75,627,502430.27189076034,1920.7823608207495,11957.733217282344,2065.2582640508676
627,0.95,627,551197.9145294499,2147.992311015724,16594.497329868762,3024.3249538080786
628,0.05,628,405450.59637637896,1301.867657300006,1011.431813442292,290.1910283366926
628,0.25,628,456209.1932916797,1564.29345796051,4620.832213048364,763.2540243555147
628,0.5,628,491490.9614755701,1746.7028787690808,7129.688562924248,1092.075149765337
628,0.75,628,526772.7296594606,1929.1122995776523,9638.544912800127,1420.89627517516
628,0.95,628,577531.3265747614,2191.538100238156,13247.945312406195,1893.959271193985
629,0.05,629,418487.96846645797,1353.5149179582743,1533.4237542566407,470.7424343953063
629,0.25,629,464742.8316266367,1577.2834422403603,4297.545042952621,898.7297984963437
629,0.5,629,496894.10172809707,1732.822595809673,6218.856751049299,1196.2193250694324
629,0.75,629,529045.3718295575,1888.3617493789857,8140.168459145987,1493.708851642521
629,0.95,629,575300.2349897362,2112.130273661071,10904.289747841967,1921.6962157435582
630,0.05,630,422382.69267882465,1359.432160839272,1484.4814148698051,498.09784893558333
630,0.25,630,468665.11859501863,1579.4806896507523,4095.08147151876,941.561080615819
630,0.5,630,500835.5472790117,1732.4341133966411,5909.6821818818735,1249.8077203787188
630,0.75,630,533005.9759630047,1885.3875371425297,7724.282892244978,1558.0543601416189
630,0.95,630,579288.4018791986,2105.436065954009,10334.882948893932,2001.5175918218554
631,0.05,631,411026.8894633166,1312.803914677102,1329.8262280650506,343.344179901066
631,0.25,631,459953.4774894261,1559.7658307340284,4627.104570068522,780.1235509997413
631,0.5,631,493961.83551489253,1731.4264675934241,6919.00815232181,1083.7243093958741
631,0.75,631,527970.1935403591,1903.0871044528194,9210.911734575098,1387.3250677920064
631,0.95,631,576896.7815664683,2150.049020509748,12508.190076578572,1824.1044388906826
632,0.05,632,417024.44024810777,1347.359324428186,1534.0692798490127,450.298459928537
632,0.25,632,463539.57086533355,1574.1501417422105,4383.841458529416,874.7749574619636
632,0.5,632,495871.7501456012,1731.7900594897478,6364.6882016511445,1169.8241175180326
632,0.75,632,528203.9294258689,1889.4299772372851,8345.534944772866,1464.8732775741016
632,0.95,632,574719.0600430948,2116.2207945513096,11195.307123453276,1889.3497751075283
633,0.05,633,420243.95239747385,1357.7748811369238,1516.951891469118,487.2555880102101
633,0.25,633,466407.36759458366,1579.2434085716222,4200.868625915364,921.442216577875
633,0.5,633,498495.0731763378,1733.1838584626469,6066.430989816154,1223.240786842365
633,0.75,633,530582.778758092,1887.124308353672,7931.993353716955,1525.039357106854
633,0.95,633,576746.1939552019,2108.5928357883695,10615.910088163193,1959.2259856745197
634,0.05,634,412104.8677654743,1317.2897909265039,1384.677631479758,358.37906063865535
634,0.25,634,460600.5076979026,1560.6998717769463,4608.98314868625,790.2650903789934
634,0.5,634,494309.31822472723,1729.8916652482617,6850.164086014844,1090.4645385352526
634,0.75,634,528018.128751552,1899.0834587195775,9091.345023343438,1390.6639866915116
634,0.95,634,576513.76868398,2142.493539570019,12315.650540549934,1822.5500164318473
635,0.05,635,417024.44024810777,1347.359324428186,1534.0692798490127,450.298459928537
635,0.25,635,463539.57086533355,1574.1501417422105,4383.841458529416,874.7749574619636
635,0.5,635,495871.7501456012,1731.7900594897478,6364.6882016511445,1169.8241175180326
635,0.75,635,528203.9294258689,1889.4299772372851,8345.534944772866,1464.8732775741016
635,0.95,635,574719.0600430948,2116.2207945513096,11195.307123453276,1889.3497751075283
636,0.05,636,415761.77208649233,1340.0199150224198,1519.372320588187,427.57079638362586
636,0.25,636,462665.11444879835,1570.3948106050673,4458.616373489609,850.8907135022902
636,0.5,636,495267.13564016187,1730.5259835549,6501.654077691525,1145.135946646278
636,0.75,636,527869.1568315255,1890.657156504733,8544.69178189344,1439.3811797902654
636,0.95,636,574772.4991938312,2121.032052087379,11483.935834794864,1862.7010969089297
637,0.05,637,417024.44024810777,1347.359324428186,1534.0692798490127,450.298459928537
637,0.25,637,463539.57086533355,1574.1501417422105,4383.841458529416,874.7749574619636
637,0.5,637,495871.7501456012,1731.7900594897478,6364.6882016511445,1169.8241175180326
637,0.75,637,528203.9294258689,1889.4299772372851,8345.534944772866,1464.8732775741016
637,0.95,637,574719.0600430948,2116.2207945513096,11195.307123453276,1889.3497751075283
638,0.05,638,413478.02858190535,1324.7041452611556,1447.7416153957593,381.561137194995
638,0.25,638,461374.94359134434,1563.2508425009723,4569.796473453767,808.4664445162964
638,0.5,638,494667.5867056997,1729.0621490485503,6739.904050367259,1105.2038447741497
638,0.75,638,527960.2298200551,1894.8734555961285,8910.01162728074,1401.9412450320021
638,0.95,638,575857.144829494,2133.420152835946,12032.066485338748,1828.8465523533027
639,0.05,639,412289.81470172346,1318.167715473965,1393.676259871735,361.2100882650782
639,0.25,639,460708.2898180913,1560.9462317274297,4604.870762168183,792.3384411691283
639,0.5,639,494363.46389084443,1729.6990312734215,6836.938370586525,1092.011236105624
639,0.75,639,528018.6379635974,1898.4518308194129,9069.005979004869,1391.6840310421196
639,0.95,639,576437.1130799651,2141.230347072877,12280.200481301308,1822.8123839461696
640,0.05,640,420243.95239747385,1357.7748811369238,1516.951891469118,487.2555880102101
640,0.25,640,466407.36759458366,1579.2434085716222,4200.868625915364,921.442216577875
640,0.5,640,498495.0731763378,1733.1838584626469,6066.430989816154,1223.240786842365
640,0.75,640,530582.778758092,1887.124308353672,7931.993353716955,1525.039357106854
640,0.95,640,576746.1939552019,2108.5928357883695,10615.910088163193,1959.2259856745197
641,0.05,641,422382.69267882465,1359.432160839272,1484.4814148698051,498.09784893558333
641,0.25,641,468665.11859501863,1579.4806896507523,4095.08147151876,941.561080615819
641,0.5,641,500835.5472790117,1732.4341133966411,5909.6821818818735,1249.8077203787188
641,0.75,641,533005.9759630047,1885.3875371425297,7724.282892244978,1558.0543601416189
641,0.95,641,579288.4018791986,2105.436065954009,10334.882948893932,2001.5175918218554
642,0.05,642,424990.391003354,1357.7743047108033,1436.074964844227,501.3984154887595
642,0.25,642,471646.34363779926,1577.4437203808782,3981.5491740829602,957.6816523539959
642,0.5,642,504076.40682480705,1730.1336265596271,5750.881591176607,1274.8393432203818
642,0.75,642,536506.4700118147,1882.8235327383763,7520.214008270264,1591.997034086768
642,0.95,642,583162.4226462601,2102.4929484084505,10065.688217508965,2048.2802709520047
643,0.05,643,420243.95239747385,1357.7748811369238,1516.951891469118,487.2555880102101
643,0.25,643,466407.36759458366,1579.2434085716222,4200.868625915364,921.442216577875
643,0.5,643,498495.0731763378,1733.1838584626469,6066.430989816154,1223.240786842365
643,0.75,643,530582.778758092,1887.124308353672,7931.993353716955,1525.039357106854
643,0.95,643,576746.1939552019,2108.5928357883695,10615.910088163193,1959.2259856745197
644,0.05,644,420243.95239747385,1357.7748811369238,1516.951891469118,487.2555880102101
644,0.25,644,466407.36759458366,1579.2434085716222,4200.868625915364,921.442216577875
644,0.5,644,498495.0731763378,1733.1838584626469,6066.430989816154,1223.240786842365
644,0.75,644,530582.778758092,1887.124308353672,7931.993353716955,1525.039357106854
644,0.95,644,576746.1939552019,2108.5928357883695,10615.910088163193,1959.2259856745197
645,0.05,645,409700.4902299803,1308.5527697203443,1257.990716287154,327.65004151275957
645,0.25,645,459118.277506527,1559.6105060167426,4638.178575866248,771.4712233563441
645,0.5,645,493468.0629775739,1734.11810455345,6987.711693944225,1079.9666705223651
645,0.75,645,527817.8484486209,1908.625703090157,9337.244812022202,1388.462117688387
645,0.95,645,577235.6357251673,2159.6834393865565,12717.432671601284,1832.2832995319711
646,0.05,646,420243.95239747385,1357.7748811369238,1516.951891469118,487.2555880102101
646,0.25,646,466407.36759458366,1579.2434085716222,4200.868625915364,921.442216577875
646,0.5,646,498495.0731763378,1733.1838584626469,6066.430989816154,1223.240786842365
646,0.75,646,530582.778758092,1887.124308353672,7931.993353716955,1525.039357106854
646,0.95,646,576746.1939552019,2108.5928357883695,10615.910088163193,1959.2259856745197
647,0.05,647,420243.95239747385,1357.7748811369238,1516.951891469118,487.2555880102101
647,0.25,647,466407.36759458366,1579.2434085716222,4200.868625915364,921.442216577875
647,0.5,647,498495.0731763378,1733.1838584626469,6066.430989816154,1223.240786842365
647,0.75,647,530582.778758092,1887.124308353672,7931.993353716955,1525.039357106854
647,0.95,647,576746.1939552019,2108.5928357883695,10615.910088163193,1959.2259856745197
648,0.05,648,415761.77208649233,1340.0199150224198,1519.372320588187,427.57079638362586
648,0.25,648,462665.11444879835,1570.3948106050673,4458.616373489609,850.8907135022902
648,0.5,648,495267.13564016187,1730.5259835549,6501.654077691525,1145.135946646278
648,0.75,648,527869.1568315255,1890.657156504733,8544.69178189344,1439.3811797902654
648,0.95,648,574772.4991938312,2121.032052087379,11483.935834794864,1862.7010969089297
649,0.05,649,422382.69267882465,1359.432160839272,1484.4814148698051,498.09784893558333
649,0.25,649,468665.11859501863,1579.4806896507523,4095.08147151876,941.561080615819
649,0.5,649,500835.5472790117,1732.4341133966411,5909.6821818818735,1249.8077203787188
649,0.75,649,533005.9759630047,1885.3875371425297,7724.282892244978,1558.0543601416189
649,0.95,649,579288.4018791986,2105.436065954009,10334.882948893932,2001.5175918218554
650,0.05,650,411026.8894633166,1312.803914677102,1329.8262280650506,343.344179901066
650,0.25,650,459953.4774894261,1559.7658307340284,4627.104570068522,780.1235509997413
650,0.5,650,493961.83551489253,1731.4264675934241,6919.00815232181,1083.7243093958741
650,0.75,650,527970.1935403591,1903.0871044528194,9210.911734575098,1387.3250677920064
650,0.95,650,576896.7815664683,2150.049020509748,12508.190076578572,1824.1044388906826
651,0.05,651,414609.16713694675,1332.2209294098898,1490.1823038449475,404.1435203858339
651,0.25,651,461987.31907622254,1566.573847439627,4520.878196611619,828.3642302096047
651,0.5,651,494919.3754230908,1729.470102057158,6627.483115240285,1123.2355949122793
651,0.75,651,527851.431769959,1892.3663566746893,8734.088033868951,1418.1069596149537
651,0.95,651,575229.5837092348,2126.7192747044273,11764.783926635619,1842.3276694387248
652,0.05,652,418487.96846645797,1353.5149179582743,1533.4237542566407,470.7424343953063
652,0.25,652,464742.8316266367,1577.2834422403603,4297.545042952621,898.7297984963437
652,0.5,652,496894.10172809707,1732.822595809673,6218.856751049299,1196.2193250694324
652,0.75,652,529045.3718295575,1888.3617493789857,8140.168459145987,1493.708851642521
652,0.95,652,575300.2349897362,2112.130273661071,10904.289747841967,1921.6962157435582
653,0.05,653,415761.77208649233,1340.0199150224198,1519.372320588187,427.57079638362586
653,0.25,653,462665.11444879835,1570.3948106050673,4458.616373489609,850.8907135022902
653,0.5,653,495267.13564016187,1730.5259835549,6501.654077691525,1145.135946646278
653,0.75,653,527869.1568315255,1890.657156504733,8544.69178189344,1439.3811797902654
653,0.95,653,574772.4991938312,2121.032052087379,11483.935834794864,1862.7010969089297
654,0.05,654,323898.7054828818,935.5138765994822,64.7487672941279,-10.71508096398452
654,0.25,654,373156.3769914628,1192.4124786698526,8476.811766530642,2864.087191452549
654,0.5,654,407394.8676720452,1370.9800017268212,14323.948502453248,4862.332090127962
654,0.75,654,441633.3583526276,1549.547524783789,20171.08523837587,6860.576988803356
654,0.95,654,490891.02986120863,1806.4461268541602,28583.14823761237,9735.379261219907
655,0.05,655,426244.7249030174,1355.914672279432,1411.0383233110178,500.05031407379045
655,0.25,655,473144.9254545654,1575.775947798397,3931.8972541356547,962.9075833098575
655,0.5,655,505744.76280623337,1728.5992137452195,5684.1198494539685,1284.63481510599
655,0.75,655,538344.6001579013,1881.4224796920416,7436.342444772278,1606.362046902122
655,0.95,655,585244.8007094492,2101.2837552110077,9957.201375596918,2069.2193161381892
656,0.05,656,417024.44024810777,1347.359324428186,1534.0692798490127,450.298459928537
656,0.25,656,463539.57086533355,1574.1501417422105,4383.841458529416,874.7749574619636
656,0.5,656,495871.7501456012,1731.7900594897478,6364.6882016511445,1169.8241175180326
656,0.75,656,528203.9294258689,1889.4299772372851,8345.534944772866,1464.8732775741016
656,0.95,656,574719.0600430948,2116.2207945513096,11195.307123453276,1889.3497751075283
657,0.05,657,385796.7525909168,1378.64991922242,1009.4968816969013,-271.8838848851335
657,0.25,657,433942.6581919509,1599.1106670886395,5692.359332153053,719.3099431806595
657,0.5,657,467408.37205424823,1752.3506199746967,8947.367891387561,1408.2783739959377
657,0.75,657,500874.08591654565,1905.5905728607534,12202.376450622072,2097.2468048112164
657,0.95,657,549019.9915175796,2126.051320726973,16885.238901078206,3088.440632877005
658,0.05,658,403979.6358219689,1301.464306624925,924.1904356003488,279.7254698124593
658,0.25,658,455130.9509072686,1567.2388683166466,4603.524395178249,765.195326788074
658,0.5,658,490685.69337093696,1751.9759777846145,7160.990828885183,1102.6403310828418
658,0.75,658,526240.4358346055,1936.7130872525827,9718.457262592121,1440.0853353776083
658,0.95,658,577391.750919905,2202.487648944304,13397.79122217001,1925.555192353223
659,0.05,659,417024.44024810777,1347.359324428186,1534.0692798490127,450.298459928537
659,0.25,659,463539.57086533355,1574.1501417422105,4383.841458529416,874.7749574619636
659,0.5,659,495871.7501456012,1731.7900594897478,6364.6882016511445,1169.8241175180326
659,0.75,659,528203.9294258689,1889.4299772372851,8345.534944772866,1464.8732775741016
659,0.95,659,574719.0600430948,2116.2207945513096,11195.307123453276,1889.3497751075283
660,0.05,660,414609.16713694675,1332.2209294098898,1490.1823038449475,404.1435203858339
660,0.25,660,461987.31907622254,1566.573847439627,4520.878196611619,828.3642302096047
660,0.5,660,494919.3754230908,1729.470102057158,6627.483115240285,1123.2355949122793
660,0.75,660,527851.431769959,1892.3663566746893,8734.088033868951,1418.1069596149537
660,0.95,660,575229.5837092348,2126.7192747044273,11764.783926635619,1842.3276694387248
661,0.05,661,408321.7364030773,1305.3530884748925,1179.8905466720435,313.79319738733943
661,0.25,661,458210.61693576846,1560.3799277367445,4639.746080980705,766.0204603853362
661,0.5,661,492887.8543867038,1737.6464081030401,7044.655363932769,1080.3588863697037
661,0.75,661,527565.0918376392,1914.9128884693362,9449.56464688483,1394.6973123540704
661,0.95,661,577453.9723703301,2169.9397277311873,12909.420181193489,1846.924575352069
662,0.05,662,413478.02858190535,1324.7041452611556,1447.7416153957593,381.561137194995
662,0.25,662,461374.94359134434,1563.2508425009723,4569.796473453767,808.4664445162964
662,0.5,662,494667.5867056997,1729.0621490485503,6739.904050367259,1105.2038447741497
662,0.75,662,527960.2298200551,1894.8734555961285,8910.01162728074,1401.9412450320021
662,0.95,662,575857.144829494,2133.420152835946,12032.066485338748,1828.8465523533027
663,0.05,663,380535.73963991343,1309.6864744053755,2599.15945289094,-607.6699507690801
663,0.25,663,423617.8903979315,1481.4672499930407,8116.777123838435,879.1321589456047
663,0.5,663,453563.8413950439,1600.8702648723977,11952.015279033065,1912.5927066791387
663,0.75,663,483509.7923921566,1720.273279751754,15787.2534342277,2946.053254412675
663,0.95,663,526591.9431501742,1892.0540553394196,21304.871105175203,4432.855364127352
664,0.05,664,385949.36386241537,1375.750016708139,749.8923839075051,-182.0739078431984
664,0.25,664,435328.87637396075,1609.738631000395,5343.023763205055,746.0071314795762
664,0.5,664,469652.05745741376,1772.3816619120812,8535.661196287432,1391.1065249850658
664,0.75,664,503975.2385408667,1935.0246928237677,11728.298629369816,2036.2059184905575
664,0.95,664,553354.7510524122,2169.013307116023,16321.43000866737,2964.2869578133327
665,0.05,665,420243.95239747385,1357.7748811369238,1516.951891469118,487.2555880102101
665,0.25,665,466407.36759458366,1579.2434085716222,4200.868625915364,921.442216577875
665,0.5,665,498495.0731763378,1733.1838584626469,6066.430989816154,1223.240786842365
665,0.75,665,530582.778758092,1887.124308353672,7931.993353716955,1525.039357106854
665,0.95,665,576746.1939552019,2108.5928357883695,10615.910088163193,1959.2259856745197
666,0.05,666,410582.47258553974,1311.236766345473,1306.2103220097824,337.78094343455393
666,0.25,666,459678.12939593405,1559.6030407390604,4632.038364392565,776.800000877334
666,0.5,666,493804.00535957824,1732.2398323444952,6943.786543851402,1081.9575417536657
666,0.75,666,527929.8813232225,1904.87662394993,9255.53472331024,1387.1150826299975
666,0.95,666,577025.5381336167,2153.2428983435175,12581.362765693028,1826.134140072776
667,0.05,667,385796.7525909168,1378.64991922242,1009.4968816969013,-271.8838848851335
667,0.25,667,433942.6581919509,1599.1106670886395,5692.359332153053,719.3099431806595
667,0.5,667,467408.37205424823,1752.3506199746967,8947.367891387561,1408.2783739959377
667,0.75,667,500874.08591654565,1905.5905728607534,12202.376450622072,2097.2468048112164
667,0.95,667,549019.9915175796,2126.051320726973,16885.238901078206,3088.440632877005
668,0.05,668,420478.64199523255,1358.125125176409,1513.9007594051418,488.8915815795266
668,0.25,668,466644.38759015175,1579.3736735478587,4188.629047401528,924.0205450042647
668,0.5,668,498733.71300697397,1733.1612182999218,6047.80461857527,1226.474122341433
668,0.75,668,530823.0384237963,1886.948763051985,7906.980189749015,1528.9276996786016
668,0.95,668,576988.7840187154,2108.1973114234343,10581.708477745391,1964.0566631033394
669,0.05,669,448935.53805552697,1262.9901724946008,922.7130011557774,299.4120960700336
669,0.25,669,504116.77318045177,1505.9235161682773,3310.979567514548,912.1862706594131
669,0.5,669,542472.670783907,1674.7839346296923,4971.038601380505,1338.1191705189863
669,0.75,669,580828.5683873623,1843.6443530911074,6631.09763524646,1764.052070378559
669,0.95,669,636009.8035122871,2086.5776967647835,9019.364201605225,2376.826244967938
670,0.05,670,422382.69267882465,1359.432160839272,1484.4814148698051,498.09784893558333
670,0.25,670,468665.11859501863,1579.4806896507523,4095.08147151876,941.561080615819
670,0.5,670,500835.5472790117,1732.4341133966411,5909.6821818818735,1249.8077203787188
670,0.75,670,533005.9759630047,1885.3875371425297,7724.282892244978,1558.0543601416189
670,0.95,670,579288.4018791986,2105.436065954009,10334.882948893932,2001.5175918218554
671,0.05,671,418487.96846645797,1353.5149179582743,1533.4237542566407,470.7424343953063
671,0.25,671,464742.8316266367,1577.2834422403603,4297.545042952621,898.7297984963437
671,0.5,671,496894.10172809707,1732.822595809673,6218.856751049299,1196.2193250694324
671,0.75,671,529045.3718295575,1888.3617493789857,8140.168459145987,1493.708851642521
671,0.95,671,575300.2349897362,2112.130273661071,10904.289747841967,1921.6962157435582
672,0.05,672,390790.2344619155,1331.7207135499077,284.83912337600304,145.43980394470077
672,0.25,672,443631.98203817615,1608.5864365903371,4501.640966273162,818.176804461475
672,0.5,672,480361.7263912017,1801.0328959492838,7432.695686850982,1285.7892355254185
672,0.75,672,517091.4707442273,1993.4793553082304,10363.750407428799,1753.4016665893619
672,0.95,672,569933.2183204876,2270.3450783486587,14580.55225032597,2426.1386671061337
673,0.05,673,420243.95239747385,1357.7748811369238,1516.951891469118,487.2555880102101
673,0.25,673,466407.36759458366,1579.2434085716222,4200.868625915364,921.442216577875
673,0.5,673,498495.0731763378,1733.1838584626469,6066.430989816154,1223.240786842365
673,0.75,673,530582.778758092,1887.124308353672,7931.993353716955,1525.039357106854
673,0.95,673,576746.1939552019,2108.5928357883695,10615.910088163193,1959.2259856745197
674,0.05,674,415761.77208649233,1340.0199150224198,1519.372320588187,427.57079638362586
674,0.25,674,462665.11444879835,1570.3948106050673,4458.616373489609,850.8907135022902
674,0.5,674,495267.13564016187,1730.5259835549,6501.654077691525,1145.135946646278
674,0.75,674,527869.1568315255,1890.657156504733,8544.69178189344,1439.3811797902654
674,0.95,674,574772.4991938312,2121.032052087379,11483.935834794864,1862.7010969089297
675,0.05,675,415761.77208649233,1340.0199150224198,1519.372320588187,427.57079638362586
675,0.25,675,462665.11444879835,1570.3948106050673,4458.616373489609,850.8907135022902
675,0.5,675,495267.13564016187,1730.5259835549,6501.654077691525,1145.135946646278
675,0.75,675,527869.1568315255,1890.657156504733,8544.69178189344,1439.3811797902654
675,0.95,675,574772.4991938312,2121.032052087379,11483.935834794864,1862.7010969089297
676,0.05,676,408321.7364030773,1305.3530884748925,1179.8905466720435,313.79319738733943
676,0.25,676,458210.61693576846,1560.3799277367445,4639.746080980705,766.0204603853362
676,0.5,676,492887.8543867038,1737.6464081030401,7044.655363932769,1080.3588863697037
676,0.75,676,527565.0918376392,1914.9128884693362,9449.56464688483,1394.6973123540704
676,0.95,676,577453.9723703301,2169.9397277311873,12909.420181193489,1846.924575352069
677,0.05,677,394024.14110592875,1318.3618280006012,391.7455534558794,197.84119591634567
677,0.25,677,446861.131539188,1597.1239727391073,4479.408535842726,806.1905296787806
677,0.5,677,483587.56925202295,1790.8886149241496,7320.700189335379,1229.0477691025976
677,0.75,677,520314.0069648578,1984.6532571091916,10161.991842828027,1651.9050085264153
677,0.95,677,573150.9973981172,2263.4154018476984,14249.65482521486,2260.2543422888502
678,0.05,678,418487.96846645797,1353.5149179582743,1533.4237542566407,470.7424343953063
678,0.25,678,464742.8316266367,1577.2834422403603,4297.545042952621,898.7297984963437
678,0.5,678,496894.10172809707,1732.822595809673,6218.856751049299,1196.2193250694324
678,0.75,678,529045.3718295575,1888.3617493789857,8140.168459145987,1493.708851642521
678,0.95,678,575300.2349897362,2112.130273661071,10904.289747841967,1921.6962157435582
679,0.05,679,418487.96846645797,1353.5149179582743,1533.4237542566407,470.7424343953063
679,0.25,679,464742.8316266367,1577.2834422403603,4297.545042952621,898.7297984963437
679,0.5,679,496894.10172809707,1732.822595809673,6218.856751049299,1196.2193250694324
679,0.75,679,529045.3718295575,1888.3617493789857,8140.168459145987,1493.708851642521
679,0.95,679,575300.2349897362,2112.130273661071,10904.289747841967,1921.6962157435582
680,0.05,680,417024.44024810777,1347.359324428186,1534.0692798490127,450.298459928537
680,0.25,680,463539.57086533355,1574.1501417422105,4383.841458529416,874.7749574619636
680,0.5,680,495871.7501456012,1731.7900594897478,6364.6882016511445,1169.8241175180326
680,0.75,680,528203.9294258689,1889.4299772372851,8345.534944772866,1464.8732775741016
680,0.95,680,574719.0600430948,2116.2207945513096,11195.307123453276,1889.3497751075283
681,0.05,681,422382.69267882465,1359.432160839272,1484.4814148698051,498.09784893558333
681,0.25,681,468665.11859501863,1579.4806896507523,4095.08147151876,941.561080615819
681,0.5,681,500835.5472790117,1732.4341133966411,5909.6821818818735,1249.8077203787188
681,0.75,681,533005.9759630047,1885.3875371425297,7724.282892244978,1558.0543601416189
681,0.95,681,579288.4018791986,2105.436065954009,10334.882948893932,2001.5175918218554
682,0.05,682,420243.95239747385,1357.7748811369238,1516.951891469118,487.2555880102101
682,0.25,682,466407.36759458366,1579.2434085716222,4200.868625915364,921.442216577875
682,0.5,682,498495.0731763378,1733.1838584626469,6066.430989816154,1223.240786842365
682,0.75,682,530582.778758092,1887.124308353672,7931.993353716955,1525.039357106854
682,0.95,682,576746.1939552019,2108.5928357883695,10615.910088163193,1959.2259856745197
683,0.05,683,408321.7364030773,1305.3530884748925,1179.8905466720435,313.79319738733943
683,0.25,683,458210.61693576846,1560.3799277367445,4639.746080980705,766.0204603853362
683,0.5,683,492887.8543867038,1737.6464081030401,7044.655363932769,1080.3588863697037
683,0.75,683,527565.0918376392,1914.9128884693362,9449.56464688483,1394.6973123540704
683,0.95,683,577453.9723703301,2169.9397277311873,12909.420181193489,1846.924575352069
684,0.05,684,424990.391003354,1357.7743047108033,1436.074964844227,501.3984154887595
684,0.25,684,471646.34363779926,1577.4437203808782,3981.5491740829602,957.6816523539959
684,0.5,684,504076.40682480705,1730.1336265596271,5750.881591176607,1274.8393432203818
684,0.75,684,536506.4700118147,1882.8235327383763,7520.214008270264,1591.997034086768
684,0.95,684,583162.4226462601,2102.4929484084505,10065.688217508965,2048.2802709520047
685,0.05,685,417024.44024810777,1347.359324428186,1534.0692798490127,450.298459928537
685,0.25,685,463539.57086533355,1574.1501417422105,4383.841458529416,874.7749574619636
685,0.5,685,495871.7501456012,1731.7900594897478,6364.6882016511445,1169.8241175180326
685,0.75,685,528203.9294258689,1889.4299772372851,8345.534944772866,1464.8732775741016
685,0.95,685,574719.0600430948,2116.2207945513096,11195.307123453276,1889.3497751075283
686,0.05,686,386491.3485705246,1364.8516576770844,447.3666548047131,-51.80823805566547
686,0.25,686,437541.88335259166,1618.125371076979,4918.988666292244,788.4149373446128
686,0.5,686,473026.57448481594,1794.173272049484,8027.16621262089,1372.4452513950946
686,0.75,686,508511.2656170403,1970.2211730219888,11135.343758949532,1956.4755654455766
686,0.95,686,559561.8003991075,2223.494886421884,15606.965770437066,2796.6987408458544
687,0.05,687,420243.95239747385,1357.7748811369238,1516.951891469118,487.2555880102101
687,0.25,687,466407.36759458366,1579.2434085716222,4200.868625915364,921.442216577875
687,0.5,687,498495.0731763378,1733.1838584626469,6066.430989816154,1223.240786842365
687,0.75,687,530582.778758092,1887.124308353672,7931.993353716955,1525.039357106854
687,0.95,687,576746.1939552019,2108.5928357883695,10615.910088163193,1959.2259856745197
688,0.05,688,417024.44024810777,1347.359324428186,1534.0692798490127,450.298459928537
688,0.25,688,463539.57086533355,1574.1501417422105,4383.841458529416,874.7749574619636
688,0.5,688,495871.7501456012,1731.7900594897478,6364.6882016511445,1169.8241175180326
688,0.75,688,528203.9294258689,1889.4299772372851,8345.534944772866,1464.8732775741016
688,0.95,688,574719.0600430948,2116.2207945513096,11195.307123453276,1889.3497751075283
689,0.05,689,422382.69267882465,1359.432160839272,1484.4814148698051,498.09784893558333
689,0.25,689,468665.11859501863,1579.4806896507523,4095.08147151876,941.561080615819
689,0.5,689,500835.5472790117,1732.4341133966411,5909.6821818818735,1249.8077203787188
689,0.75,689,533005.9759630047,1885.3875371425297,7724.282892244978,1558.0543601416189
689,0.95,689,579288.4018791986,2105.436065954009,10334.882948893932,2001.5175918218554
690,0.05,690,417024.44024810777,1347.359324428186,1534.0692798490127,450.298459928537
690,0.25,690,463539.57086533355,1574.1501417422105,4383.841458529416,874.7749574619636
690,0.5,690,495871.7501456012,1731.7900594897478,6364.6882016511445,1169.8241175180326
690,0.75,690,528203.9294258689,1889.4299772372851,8345.534944772866,1464.8732775741016
690,0.95,690,574719.0600430948,2116.2207945513096,11195.307123453276,1889.3497751075283
691,0.05,691,416411.54855966766,1344.0134079963937,1529.0297649255635,439.80304340661826
691,0.25,691,463095.7040647508,1572.4288016164214,4420.484874047239,863.4615340959822
691,0.5,691,495545.3707712496,1731.1979453100798,6430.304984803779,1157.9421061768307
691,0.75,691,527995.0374777484,1889.9670890037382,8440.125095560317,1452.42267825768
691,0.95,691,574679.1929828315,2118.3824826237656,11331.580204681997,1876.0811689470427
692,0.05,692,418487.96846645797,1353.5149179582743,1533.4237542566407,470.7424343953063
692,0.25,692,464742.8316266367,1577.2834422403603,4297.545042952621,898.7297984963437
692,0.5,692,496894.10172809707,1732.822595809673,6218.856751049299,1196.2193250694324
692,0.75,692,529045.3718295575,1888.3617493789857,8140.168459145987,1493.708851642521
692,0.95,692,575300.2349897362,2112.130273661071,10904.289747841967,1921.6962157435582
693,0.05,693,436730.26581505657,1323.8552330212688,1188.9622646216558,440.9495138240087
693,0.25,693,486696.36530219787,1550.8466090720185,3598.325873916492,965.9020416677974
693,0.5,693,521427.27683823183,1708.625933093299,5273.049240988461,1330.7910362520558
693,0.75,693,556158.1883742659,1866.405257114579,6947.7726080604325,1695.6800308363154
693,0.95,693,606124.2878614067,2093.3966331653282,9357.136217355259,2220.632558680103
694,0.05,694,368958.94170678733,1207.6828315763232,2902.7093496013067,-575.4466764701021
694,0.25,694,412906.4107679731,1391.7274049894265,9357.79962193445,1395.5351542634082
694,0.5,694,443453.8354391632,1519.6548570720636,13844.665146893272,2765.5439463235634
694,0.75,694,474001.26011035324,1647.5823091547009,18331.530671852073,4135.552738383714
694,0.95,694,517948.7291715391,1831.626882567803,24786.620944185186,6106.534569117223
695,0.05,695,418487.96846645797,1353.5149179582743,1533.4237542566407,470.7424343953063
695,0.25,695,464742.8316266367,1577.2834422403603,4297.545042952621,898.7297984963437
695,0.5,695,496894.10172809707,1732.822595809673,6218.856751049299,1196.2193250694324
695,0.75,695,529045.3718295575,1888.3617493789857,8140.168459145987,1493.708851642521
695,0.95,695,575300.2349897362,2112.130273661071,10904.289747841967,1921.6962157435582
696,0.05,696,422382.69267882465,1359.432160839272,1484.4814148698051,498.09784893558333
696,0.25,696,468665.11859501863,1579.4806896507523,4095.08147151876,941.561080615819
696,0.5,696,500835.5472790117,1732.4341133966411,5909.6821818818735,1249.8077203787188
696,0.75,696,533005.9759630047,1885.3875371425297,7724.282892244978,1558.0543601416189
696,0.95,696,579288.4018791986,2105.436065954009,10334.882948893932,2001.5175918218554
697,0.05,697,412289.81470172346,1318.167715473965,1393.676259871735,361.2100882650782
697,0.25,697,460708.2898180913,1560.9462317274297,4604.870762168183,792.3384411691283
697,0.5,697,494363.46389084443,1729.6990312734215,6836.938370586525,1092.011236105624
697,0.75,697,528018.6379635974,1898.4518308194129,9069.005979004869,1391.6840310421196
697,0.95,697,576437.1130799651,2141.230347072877,12280.200481301308,1822.8123839461696
698,0.05,698,422382.69267882465,1359.432160839272,1484.4814148698051,498.09784893558333
698,0.25,698,468665.11859501863,1579.4806896507523,4095.08147151876,941.561080615819
698,0.5,698,500835.5472790117,1732.4341133966411,5909.6821818818735,1249.8077203787188
698,0.75,698,533005.9759630047,1885.3875371425297,7724.282892244978,1558.0543601416189
698,0.95,698,579288.4018791986,2105.436065954009,10334.882948893932,2001.5175918218554
699,0.05,699,418487.96846645797,1353.5149179582743,1533.4237542566407,470.7424343953063
699,0.25,699,464742.8316266367,1577.2834422403603,4297.545042952621,898.7297984963437
699,0.5,699,496894.10172809707,1732.822595809673,6218.856751049299,1196.2193250694324
699,0.75,699,529045.3718295575,1888.3617493789857,8140.168459145987,1493.708851642521
699,0.95,699,575300.2349897362,2112.130273661071,10904.289747841967,1921.6962157435582
700,0.05,700,420243.95239747385,1357.7748811369238,1516.951891469118,487.2555880102101
700,0.25,700,466407.36759458366,1579.2434085716222,4200.868625915364,921.442216577875
700,0.5,700,498495.0731763378,1733.1838584626469,6066.430989816154,1223.240786842365
700,0.75,700,530582.778758092,1887.124308353672,7931.993353716955,1525.039357106854
700,0.95,700,576746.1939552019,2108.5928357883695,10615.910088163193,1959.2259856745197
701,0.05,701,402499.3008393384,1301.8772688204363,836.9341693955603,269.66378015953705
701,0.25,701,454011.3421592276,1570.7116495846208,4583.063501063018,768.8550324435123
701,0.5,701,489816.8216440133,1757.5756071878793,7186.958697128248,1115.8376346596096
701,0.75,701,525622.3011287991,1944.4395647911376,9790.853893193482,1462.8202368757075
701,0.95,701,577134.342448688,2213.2739455553215,13536.983224860942,1962.0114891596804
702,0.05,702,418487.96846645797,1353.5149179582743,1533.4237542566407,470.7424343953063
702,0.25,702,464742.8316266367,1577.2834422403603,4297.545042952621,898.7297984963437
702,0.5,702,496894.10172809707,1732.822595809673,6218.856751049299,1196.2193250694324
702,0.75,702,529045.3718295575,1888.3617493789857,8140.168459145987,1493.708851642521
702,0.95,702,575300.2349897362,2112.130273661071,10904.289747841967,1921.6962157435582
703,0.05,703,381659.28923798323,1322.0878338708978,2480.882375679409,-596.383421806918
703,0.25,703,424932.3599653661,1495.2239828076424,7885.862051592837,829.2161085382972
703,0.5,703,455011.0174301545,1615.569103482095,11642.806718176638,1820.135385456705
703,0.75,703,485089.674894943,1735.9142241565469,15399.751384760466,2811.0546623751097
703,0.95,703,528362.7456223256,1909.050373093292,20804.731060673854,4236.654192720335
704,0.05,704,403979.6358219689,1301.464306624925,924.1904356003488,279.7254698124593
704,0.25,704,455130.9509072686,1567.2388683166466,4603.524395178249,765.195326788074
704,0.5,704,490685.69337093696,1751.9759777846145,7160.990828885183,1102.6403310828418
704,0.75,704,526240.4358346055,1936.7130872525827,9718.457262592121,1440.0853353776083
704,0.95,704,577391.750919905,2202.487648944304,13397.79122217001,1925.555192353223
705,0.05,705,422382.69267882465,1359.432160839272,1484.4814148698051,498.09784893558333
705,0.25,705,468665.11859501863,1579.4806896507523,4095.08147151876,941.561080615819
705,0.5,705,500835.5472790117,1732.4341133966411,5909.6821818818735,1249.8077203787188
705,0.75,705,533005.9759630047,1885.3875371425297,7724.282892244978,1558.0543601416189
705,0.95,705,579288.4018791986,2105.436065954009,10334.882948893932,2001.5175918218554
706,0.05,706,413478.02858190535,1324.7041452611556,1447.7416153957593,381.561137194995
706,0.25,706,461374.94359134434,1563.2508425009723,4569.796473453767,808.4664445162964
706,0.5,706,494667.5867056997,1729.0621490485503,6739.904050367259,1105.2038447741497
706,0.75,706,527960.2298200551,1894.8734555961285,8910.01162728074,1401.9412450320021
706,0.95,706,575857.144829494,2133.420152835946,12032.066485338748,1828.8465523533027
707,0.05,707,383391.58614943654,1343.2617098435217,2212.194281515138,-559.8343397661486
707,0.25,707,427263.7698109592,1521.3836827960376,7419.911915075775,755.8488519212849
707,0.5,707,457758.86439069733,1645.1943974352646,11039.741805587546,1670.3664350218562
707,0.75,707,488253.9589704356,1769.0051120744913,14659.571696099309,2584.884018122426
707,0.95,707,532126.1426319584,1947.1270850270066,19867.289329659943,3900.5672098098576
708,0.05,708,413478.02858190535,1324.7041452611556,1447.7416153957593,381.561137194995
708,0.25,708,461374.94359134434,1563.2508425009723,4569.796473453767,808.4664445162964
708,0.5,708,494667.5867056997,1729.0621490485503,6739.904050367259,1105.2038447741497
708,0.75,708,527960.2298200551,1894.8734555961285,8910.01162728074,1401.9412450320021
708,0.95,708,575857.144829494,2133.420152835946,12032.066485338748,1828.8465523533027
709,0.05,709,418487.96846645797,1353.5149179582743,1533.4237542566407,470.7424343953063
709,0.25,709,464742.8316266367,1577.2834422403603,4297.545042952621,898.7297984963437
709,0.5,709,496894.10172809707,1732.822595809673,6218.856751049299,1196.2193250694324
709,0.75,709,529045.3718295575,1888.3617493789857,8140.168459145987,1493.708851642521
709,0.95,709,575300.2349897362,2112.130273661071,10904.289747841967,1921.6962157435582
710,0.05,710,414609.16713694675,1332.2209294098898,1490.1823038449475,404.1435203858339
710,0.25,710,461987.31907622254,1566.573847439627,4520.878196611619,828.3642302096047
710,0.5,710,494919.3754230908,1729.470102057158,6627.483115240285,1123.2355949122793
710,0.75,710,527851.431769959,1892.3663566746893,8734.088033868951,1418.1069596149537
710,0.95,710,575229.5837092348,2126.7192747044273,11764.783926635619,1842.3276694387248
711,0.05,711,420243.95239747385,1357.7748811369238,1516.951891469118,487.2555880102101
711,0.25,711,466407.36759458366,1579.2434085716222,4200.868625915364,921.442216577875
711,0.5,711,498495.0731763378,1733.1838584626469,6066.430989816154,1223.240786842365
711,0.75,711,530582.778758092,1887.124308353672,7931.993353716955,1525.039357106854
711,0.95,711,576746.1939552019,2108.5928357883695,10615.910088163193,1959.2259856745197
712,0.05,712,412017.9936591379,1316.8890766117258,1380.404725708895,357.07679953643196
712,0.25,712,460549.5361718343,1560.5934754963905,4610.804990526349,789.3273561739926
712,0.5,712,494283.3022055329,1729.9898463454674,6856.2223229765,1089.780183152091
712,0.75,712,528017.0682392316,1899.3862171945439,9101.639655426654,1390.2330101301905
712,0.95,712,576548.6107519281,2143.0906160792088,12332.039920244106,1822.483566767751
713,0.05,713,422382.69267882465,1359.432160839272,1484.4814148698051,498.09784893558333
713,0.25,713,468665.11859501863,1579.4806896507523,4095.08147151876,941.561080615819
713,0.5,713,500835.5472790117,1732.4341133966411,5909.6821818818735,1249.8077203787188
713,0.75,713,533005.9759630047,1885.3875371425297,7724.282892244978,1558.0543601416189
713,0.95,713,579288.4018791986,2105.436065954009,10334.882948893932,2001.5175918218554
714,0.05,714,409700.4902299803,1308.5527697203443,1257.990716287154,327.65004151275957
714,0.25,714,459118.277506527,1559.6105060167426,4638.178575866248,771.4712233563441
714,0.5,714,493468.0629775739,1734.11810455345,6987.711693944225,1079.9666705223651
714,0.75,714,527817.8484486209,1908.625703090157,9337.244812022202,1388.462117688387
714,0.95,714,577235.6357251673,2159.6834393865565,12717.432671601284,1832.2832995319711
715,0.05,715,422382.69267882465,1359.432160839272,1484.4814148698051,498.09784893558333
715,0.25,715,468665.11859501863,1579.4806896507523,4095.08147151876,941.561080615819
715,0.5,715,500835.5472790117,1732.4341133966411,5909.6821818818735,1249.8077203787188
715,0.75,715,533005.9759630047,1885.3875371425297,7724.282892244978,1558.0543601416189
715,0.95,715,579288.4018791986,2105.436065954009,10334.882948893932,2001.5175918218554
716,0.05,716,417298.14630966284,1348.7080642227602,1535.188051811826,454.62158133963214
716,0.25,716,463749.67971864954,1574.844262493872,4367.469415750757,879.6018529800743
716,0.5,716,496037.6532466978,1732.0291614125915,6336.158477049927,1175.0011811326005
716,0.75,716,528325.6267747461,1889.2140603313114,8304.847538349093,1470.4005092851278
716,0.95,716,574777.1601837327,2115.3502586024224,11137.128902288032,1895.380780925569
717,0.05,717,417024.44024810777,1347.359324428186,1534.0692798490127,450.298459928537
717,0.25,717,463539.57086533355,1574.1501417422105,4383.841458529416,874.7749574619636
717,0.5,717,495871.7501456012,1731.7900594897478,6364.6882016511445,1169.8241175180326
717,0.75,717,528203.9294258689,1889.4299772372851,8345.534944772866,1464.8732775741016
717,0.95,717,574719.0600430948,2116.2207945513096,11195.307123453276,1889.3497751075283
718,0.05,718,411026.8894633166,1312.803914677102,1329.8262280650506,343.344179901066
718,0.25,718,459953.4774894261,1559.7658307340284,4627.104570068522,780.1235509997413
718,0.5,718,493961.83551489253,1731.4264675934241,6919.00815232181,1083.7243093958741
718,0.75,718,527970.1935403591,1903.0871044528194,9210.911734575098,1387.3250677920064
718,0.95,718,576896.7815664683,2150.049020509748,12508.190076578572,1824.1044388906826
719,0.05,719,417024.44024810777,1347.359324428186,1534.0692798490127,450.298459928537
719,0.25,719,463539.57086533355,1574.1501417422105,4383.841458529416,874.7749574619636
719,0.5,719,495871.7501456012,1731.7900594897478,6364.6882016511445,1169.8241175180326
719,0.75,719,528203.9294258689,1889.4299772372851,8345.534944772866,1464.8732775741016
719,0.95,719,574719.0600430948,2116.2207945513096,11195.307123453276,1889.3497751075283
720,0.05,720,413478.02858190535,1324.7041452611556,1447.7416153957593,381.561137194995
720,0.25,720,461374.94359134434,1563.2508425009723,4569.796473453767,808.4664445162964
720,0.5,720,494667.5867056997,1729.0621490485503,6739.904050367259,1105.2038447741497
720,0.75,720,527960.2298200551,1894.8734555961285,8910.01162728074,1401.9412450320021
720,0.95,720,575857.144829494,2133.420152835946,12032.066485338748,1828.8465523533027
721,0.05,721,413478.02858190535,1324.7041452611556,1447.7416153957593,381.561137194995
721,0.25,721,461374.94359134434,1563.2508425009723,4569.796473453767,808.4664445162964
721,0.5,721,494667.5867056997,1729.0621490485503,6739.904050367259,1105.2038447741497
721,0.75,721,527960.2298200551,1894.8734555961285,8910.01162728074,1401.9412450320021
721,0.95,721,575857.144829494,2133.420152835946,12032.066485338748,1828.8465523533027
722,0.05,722,415761.77208649233,1340.0199150224198,1519.372320588187,427.57079638362586
722,0.25,722,462665.11444879835,1570.3948106050673,4458.616373489609,850.8907135022902
722,0.5,722,495267.13564016187,1730.5259835549,6501.654077691525,1145.135946646278
722,0.75,722,527869.1568315255,1890.657156504733,8544.69178189344,1439.3811797902654
722,0.95,722,574772.4991938312,2121.032052087379,11483.935834794864,1862.7010969089297
723,0.05,723,420243.95239747385,1357.7748811369238,1516.951891469118,487.2555880102101
723,0.25,723,466407.36759458366,1579.2434085716222,4200.868625915364,921.442216577875
723,0.5,723,498495.0731763378,1733.1838584626469,6066.430989816154,1223.240786842365
723,0.75,723,530582.778758092,1887.124308353672,7931.993353716955,1525.039357106854
723,0.95,723,576746.1939552019,2108.5928357883695,10615.910088163193,1959.2259856745197
724,0.05,724,422382.69267882465,1359.432160839272,1484.4814148698051,498.09784893558333
724,0.25,724,468665.11859501863,1579.4806896507523,4095.08147151876,941.561080615819
724,0.5,724,500835.5472790117,1732.4341133966411,5909.6821818818735,1249.8077203787188
724,0.75,724,533005.9759630047,1885.3875371425297,7724.282892244978,1558.0543601416189
724,0.95,724,579288.4018791986,2105.436065954009,10334.882948893932,2001.5175918218554
725,0.05,725,414609.16713694675,1332.2209294098898,1490.1823038449475,404.1435203858339
725,0.25,725,461987.31907622254,1566.573847439627,4520.878196611619,828.3642302096047
725,0.5,725,494919.3754230908,1729.470102057158,6627.483115240285,1123.2355949122793
725,0.75,725,527851.431769959,1892.3663566746893,8734.088033868951,1418.1069596149537
725,0.95,725,575229.5837092348,2126.7192747044273,11764.783926635619,1842.3276694387248
726,0.05,726,415761.77208649233,1340.0199150224198,1519.372320588187,427.57079638362586
726,0.25,726,462665.11444879835,1570.3948106050673,4458.616373489609,850.8907135022902
726,0.5,726,495267.13564016187,1730.5259835549,6501.654077691525,1145.135946646278
726,0.75,726,527869.1568315255,1890.657156504733,8544.69178189344,1439.3811797902654
726,0.95,726,574772.4991938312,2121.032052087379,11483.935834794864,1862.7010969089297
727,0.05,727,417024.44024810777,1347.359324428186,1534.0692798490127,450.298459928537
727,0.25,727,463539.57086533355,1574.1501417422105,4383.841458529416,874.7749574619636
727,0.5,727,495871.7501456012,1731.7900594897478,6364.6882016511445,1169.8241175180326
727,0.75,727,528203.9294258689,1889.4299772372851,8345.534944772866,1464.8732775741016
727,0.95,727,574719.0600430948,2116.2207945513096,11195.307123453276,1889.3497751075283
728,0.05,728,420243.95239747385,1357.7748811369238,1516.951891469118,487.2555880102101
728,0.25,728,466407.36759458366,1579.2434085716222,4200.868625915364,921.442216577875
728,0.5,728,498495.0731763378,1733.1838584626469,6066.430989816154,1223.240786842365
728,0.75,728,530582.778758092,1887.124308353672,7931.993353716955,1525.039357106854
728,0.95,728,576746.1939552019,2108.5928357883695,10615.910088163193,1959.2259856745197
729,0.05,729,417024.44024810777,1347.359324428186,1534.0692798490127,450.298459928537
729,0.25,729,463539.57086533355,1574.1501417422105,4383.841458529416,874.7749574619636
729,0.5,729,495871.7501456012,1731.7900594897478,6364.6882016511445,1169.8241175180326
729,0.75,729,528203.9294258689,1889.4299772372851,8345.534944772866,1464.8732775741016
729,0.95,729,574719.0600430948,2116.2207945513096,11195.307123453276,1889.3497751075283
730,0.05,730,438260.27784065565,1317.4055417314314,1155.9701709879591,426.97296152987883
730,0.25,730,488790.5368227854,1546.0137909509203,3558.0113038897634,961.9595688692476
730,0.5,730,523913.5897049274,1704.9169865484262,5227.644894444433,1333.823146838713
730,0.75,730,559036.6425870697,1863.8201821459322,6897.278484999101,1705.6867248081778
730,0.95,730,609566.9015691993,2092.4284313654202,9299.319617900905,2240.6733321475485
731,0.05,731,417105.67539514566,1347.7691833935905,1534.4697107605589,451.6055529747981
731,0.25,731,463601.17443917145,1574.3611935901874,4378.977896257186,876.2231934317482
731,0.5,731,495919.7080188715,1731.8629225961786,6356.165692943866,1171.3704604531636
731,0.75,731,528238.2415985714,1889.3646516021697,8333.353489630543,1466.5177274745784
731,0.95,731,574733.7406425971,2115.9566617987666,11177.86167512718,1891.1353679315296
732,0.05,732,412289.81470172346,1318.167715473965,1393.676259871735,361.2100882650782
732,0.25,732,460708.2898180913,1560.9462317274297,4604.870762168183,792.3384411691283
732,0.5,732,494363.46389084443,1729.6990312734215,6836.938370586525,1092.011236105624
732,0.75,732,528018.6379635974,1898.4518308194129,9069.005979004869,1391.6840310421196
732,0.95,732,576437.1130799651,2141.230347072877,12280.200481301308,1822.8123839461696
733,0.05,733,368958.94170678733,1207.6828315763232,2902.7093496013067,-575.4466764701021
733,0.25,733,412906.4107679731,1391.7274049894265,9357.79962193445,1395.5351542634082
733,0.5,733,443453.8354391632,1519.6548570720636,13844.665146893272,2765.5439463235634
733,0.75,733,474001.26011035324,1647.5823091547009,18331.530671852073,4135.552738383714
733,0.95,733,517948.7291715391,1831.626882567803,24786.620944185186,6106.534569117223
734,0.05,734,354268.53473671235,1106.405831519936,2328.8229393774527,-442.63782069981994
734,0.25,734,400526.30242544506,1318.4335148653236,9646.440190904868,1947.9979914037938
734,0.5,734,432679.59143423097,1465.811733078132,14732.83916993183,3609.7038631301393
734,0.75,734,464832.8804430167,1613.189951290942,19819.238148958786,5271.409734856494
734,0.95,734,511090.6481317496,1825.2176346363285,27136.8554004862,7662.045546960113
735,0.05,735,391877.14535239205,1326.6542199119092,313.1327446145342,166.29028939407567
735,0.25,735,444768.06518258376,1604.7544459477929,4485.2352791092835,815.0282802372715
735,0.5,735,481531.98865342804,1798.0589953871379,7385.219979377718,1265.959251461826
735,0.75,735,518295.9121242724,1991.3635448264827,10285.204679646147,1716.89022268638
735,0.95,735,571186.8319544641,2269.463770862366,14457.307214140894,2365.6282135295723
736,0.05,736,417024.44024810777,1347.359324428186,1534.0692798490127,450.298459928537
736,0.25,736,463539.57086533355,1574.1501417422105,4383.841458529416,874.7749574619636
736,0.5,736,495871.7501456012,1731.7900594897478,6364.6882016511445,1169.8241175180326
736,0.75,736,528203.9294258689,1889.4299772372851,8345.534944772866,1464.8732775741016
736,0.95,736,574719.0600430948,2116.2207945513096,11195.307123453276,1889.3497751075283
737,0.05,737,418487.96846645797,1353.5149179582743,1533.4237542566407,470.7424343953063
737,0.25,737,464742.8316266367,1577.2834422403603,4297.545042952621,898.7297984963437
737,0.5,737,496894.10172809707,1732.822595809673,6218.856751049299,1196.2193250694324
737,0.75,737,529045.3718295575,1888.3617493789857,8140.168459145987,1493.708851642521
737,0.95,737,575300.2349897362,2112.130273661071,10904.289747841967,1921.6962157435582
738,0.05,738,412289.81470172346,1318.167715473965,1393.676259871735,361.2100882650782
738,0.25,738,460708.2898180913,1560.9462317274297,4604.870762168183,792.3384411691283
738,0.5,738,494363.46389084443,1729.6990312734215,6836.938370586525,1092.011236105624
738,0.75,738,528018.6379635974,1898.4518308194129,9069.005979004869,1391.6840310421196
738,0.95,738,576437.1130799651,2141.230347072877,12280.200481301308,1822.8123839461696
739,0.05,739,417024.44024810777,1347.359324428186,1534.0692798490127,450.298459928537
739,0.25,739,463539.57086533355,1574.1501417422105,4383.841458529416,874.7749574619636
739,0.5,739,495871.7501456012,1731.7900594897478,6364.6882016511445,1169.8241175180326
739,0.75,739,528203.9294258689,1889.4299772372851,8345.534944772866,1464.8732775741016
739,0.95,739,574719.0600430948,2116.2207945513096,11195.307123453276,1889.3497751075283
740,0.05,740,417024.44024810777,1347.359324428186,1534.0692798490127,450.298459928537
740,0.25,740,463539.57086533355,1574.1501417422105,4383.841458529416,874.7749574619636
740,0.5,740,495871.7501456012,1731.7900594897478,6364.6882016511445,1169.8241175180326
740,0.75,740,528203.9294258689,1889.4299772372851,8345.534944772866,1464.8732775741016
740,0.95,740,574719.0600430948,2116.2207945513096,11195.307123453276,1889.3497751075283
741,0.05,741,414575.35622039373,1331.9875647197528,1489.0946665386673,403.4461102192017
741,0.25,741,461968.6486932829,1566.4640762516915,4522.543628878229,827.7227288666791
741,0.5,741,494911.2290662196,1729.4462394159261,6631.062177283294,1122.632955206146
741,0.75,741,527853.8094391564,1892.428402580161,8739.58072568835,1417.5431815456134
741,0.95,741,575247.1019120459,2126.9049141120995,11773.029688027924,1841.81980019309
742,0.05,742,418487.96846645797,1353.5149179582743,1533.4237542566407,470.7424343953063
742,0.25,742,464742.8316266367,1577.2834422403603,4297.545042952621,898.7297984963437
742,0.5,742,496894.10172809707,1732.822595809673,6218.856751049299,1196.2193250694324
742,0.75,742,529045.3718295575,1888.3617493789857,8140.168459145987,1493.708851642521
742,0.95,742,575300.2349897362,2112.130273661071,10904.289747841967,1921.6962157435582
743,0.05,743,418236.52797730535,1352.6390161439515,1534.5820581032694,467.6918112951827
743,0.25,743,464522.7531151783,1576.8466792090917,4312.081332051261,894.946012081291
743,0.5,743,496695.82259830093,1732.6910735392962,6242.691937341979,1191.9259245261298
743,0.75,743,528868.8920814237,1888.5354678695005,8173.302542632699,1488.9058369709678
743,0.95,743,575155.1172192964,2112.7431309346393,10950.801816580686,1916.1600377570771
744,0.05,744,417024.44024810777,1347.359324428186,1534.0692798490127,450.298459928537
744,0.25,744,463539.57086533355,1574.1501417422105,4383.841458529416,874.7749574619636
744,0.5,744,495871.7501456012,1731.7900594897478,6364.6882016511445,1169.8241175180326
744,0.75,744,528203.9294258689,1889.4299772372851,8345.534944772866,1464.8732775741016
744,0.95,744,574719.0600430948,2116.2207945513096,11195.307123453276,1889.3497751075283
745,0.05,745,415761.77208649233,1340.0199150224198,1519.372320588187,427.57079638362586
745,0.25,745,462665.11444879835,1570.3948106050673,4458.616373489609,850.8907135022902
745,0.5,745,495267.13564016187,1730.5259835549,6501.654077691525,1145.135946646278
745,0.75,745,527869.1568315255,1890.657156504733,8544.69178189344,1439.3811797902654
745,0.95,745,574772.4991938312,2121.032052087379,11483.935834794864,1862.7010969089297
746,0.05,746,417024.44024810777,1347.359324428186,1534.0692798490127,450.298459928537
746,0.25,746,463539.57086533355,1574.1501417422105,4383.841458529416,874.7749574619636
746,0.5,746,495871.7501456012,1731.7900594897478,6364.6882016511445,1169.8241175180326
746,0.75,746,528203.9294258689,1889.4299772372851,8345.534944772866,1464.8732775741016
746,0.95,746,574719.0600430948,2116.2207945513096,11195.307123453276,1889.3497751075283
747,0.05,747,386200.5026863402,1369.94758491945,552.5728646456919,-101.99857611568041
747,0.25,747,436628.8249149204,1615.8939693217176,5071.249379407517,772.3237173155433
747,0.5,747,471681.0226291356,1786.848720782372,8212.134017291559,1380.055970559703
747,0.75,747,506733.22034335096,1957.8034722430266,11353.018655175605,1987.7882238038633
747,0.95,747,557161.5425719309,2203.749856645295,15871.695169937446,2862.1105172350863
748,0.05,748,411855.7187432856,1316.159966535385,1372.3479288931467,354.68972660055965
748,0.25,748,460453.75047726714,1560.4102015188519,4614.026758162588,787.6356782360848
748,0.5,748,494233.73247111187,1730.185977313588,6867.283702434681,1088.5718669815574
748,0.75,748,528013.7144649567,1899.9617531083234,9120.540646706773,1389.5080557270298
748,0.95,748,576611.7461989381,2144.211988091792,12362.219475976213,1822.454007362553
749,0.05,749,418487.96846645797,1353.5149179582743,1533.4237542566407,470.7424343953063
749,0.25,749,464742.8316266367,1577.2834422403603,4297.545042952621,898.7297984963437
749,0.5,749,496894.10172809707,1732.822595809673,6218.856751049299,1196.2193250694324
749,0.75,749,529045.3718295575,1888.3617493789857,8140.168459145987,1493.708851642521
749,0.95,749,575300.2349897362,2112.130273661071,10904.289747841967,1921.6962157435582
750,0.05,750,420243.95239747385,1357.7748811369238,1516.951891469118,487.2555880102101
750,0.25,750,466407.36759458366,1579.2434085716222,4200.868625915364,921.442216577875
750,0.5,750,498495.0731763378,1733.1838584626469,6066.430989816154,1223.240786842365
750,0.75,750,530582.778758092,1887.124308353672,7931.993353716955,1525.039357106854
750,0.95,750,576746.1939552019,2108.5928357883695,10615.910088163193,1959.2259856745197
751,0.05,751,422382.69267882465,1359.432160839272,1484.4814148698051,498.09784893558333
751,0.25,751,468665.11859501863,1579.4806896507523,4095.08147151876,941.561080615819
751,0.5,751,500835.5472790117,1732.4341133966411,5909.6821818818735,1249.8077203787188
751,0.75,751,533005.9759630047,1885.3875371425297,7724.282892244978,1558.0543601416189
751,0.95,751,579288.4018791986,2105.436065954009,10334.882948893932,2001.5175918218554
752,0.05,752,371597.35266245075,1228.3855013256107,2921.4683229282646,-592.5247039172214
752,0.25,752,415137.79825352744,1407.6680123520964,9185.459070243931,1282.4223111699364
752,0.5,752,445402.3051809164,1532.2854048307963,13539.493320276659,2585.6783104200085
752,0.75,752,475666.812108305,1656.9027973094967,17893.527570309383,3888.934309670085
752,0.95,752,519207.25769938156,1836.1853083359806,24157.518317625014,5763.881324757227
753,0.05,753,415761.77208649233,1340.0199150224198,1519.372320588187,427.57079638362586
753,0.25,753,462665.11444879835,1570.3948106050673,4458.616373489609,850.8907135022902
753,0.5,753,495267.13564016187,1730.5259835549,6501.654077691525,1145.135946646278
753,0.75,753,527869.1568315255,1890.657156504733,8544.69178189344,1439.3811797902654
753,0.95,753,574772.4991938312,2121.032052087379,11483.935834794864,1862.7010969089297
754,0.05,754,418487.96846645797,1353.5149179582743,1533.4237542566407,470.7424343953063
754,0.25,754,464742.8316266367,1577.2834422403603,4297.545042952621,898.7297984963437
754,0.5,754,496894.10172809707,1732.822595809673,6218.856751049299,1196.2193250694324
754,0.75,754,529045.3718295575,1888.3617493789857,8140.168459145987,1493.708851642521
754,0.95,754,575300.2349897362,2112.130273661071,10904.289747841967,1921.6962157435582
755,0.05,755,420243.95239747385,1357.7748811369238,1516.951891469118,487.2555880102101
755,0.25,755,466407.36759458366,1579.2434085716222,4200.868625915364,921.442216577875
755,0.5,755,498495.0731763378,1733.1838584626469,6066.430989816154,1223.240786842365
755,0.75,755,530582.778758092,1887.124308353672,7931.993353716955,1525.039357106854
755,0.95,755,576746.1939552019,2108.5928357883695,10615.910088163193,1959.2259856745197
756,0.05,756,409700.4902299803,1308.5527697203443,1257.990716287154,327.65004151275957
756,0.25,756,459118.277506527,1559.6105060167426,4638.178575866248,771.4712233563441
756,0.5,756,493468.0629775739,1734.11810455345,6987.711693944225,1079.9666705223651
756,0.75,756,527817.8484486209,1908.625703090157,9337.244812022202,1388.462117688387
756,0.95,756,577235.6357251673,2159.6834393865565,12717.432671601284,1832.2832995319711
757,0.05,757,388011.2132690502,1348.8681583799496,285.7705360772288,61.00291925471288
757,0.25,757,440281.1884813207,1617.3149091961766,4635.376958362241,815.6037622353067
757,0.5,757,476613.4998628654,1803.9094292894144,7658.742748758241,1340.1188913243857
757,0.75,757,512945.81124441006,1990.5039493826525,10682.108539154244,1864.6340204134635
757,0.95,757,565215.7864566806,2258.9507001988786,15031.714961439258,2619.2348633940564
758,0.05,758,412289.81470172346,1318.167715473965,1393.676259871735,361.2100882650782
758,0.25,758,460708.2898180913,1560.9462317274297,4604.870762168183,792.3384411691283
758,0.5,758,494363.46389084443,1729.6990312734215,6836.938370586525,1092.011236105624
758,0.75,758,528018.6379635974,1898.4518308194129,9069.005979004869,1391.6840310421196
758,0.95,758,576437.1130799651,2141.230347072877,12280.200481301308,1822.8123839461696
759,0.05,759,418487.96846645797,1353.5149179582743,1533.4237542566407,470.7424343953063
759,0.25,759,464742.8316266367,1577.2834422403603,4297.545042952621,898.7297984963437
759,0.5,759,496894.10172809707,1732.822595809673,6218.856751049299,1196.2193250694324
759,0.75,759,529045.3718295575,1888.3617493789857,8140.168459145987,1493.708851642521
759,0.95,759,575300.2349897362,2112.130273661071,10904.289747841967,1921.6962157435582
760,0.05,760,385796.7525909168,1378.64991922242,1009.4968816969013,-271.8838848851335
760,0.25,760,433942.6581919509,1599.1106670886395,5692.359332153053,719.3099431806595
760,0.5,760,467408.37205424823,1752.3506199746967,8947.367891387561,1408.2783739959377
760,0.75,760,500874.08591654565,1905.5905728607534,12202.376450622072,2097.2468048112164
760,0.95,760,549019.9915175796,2126.051320726973,16885.238901078206,3088.440632877005
761,0.05,761,417024.44024810777,1347.359324428186,1534.0692798490127,450.298459928537
761,0.25,761,463539.57086533355,1574.1501417422105,4383.841458529416,874.7749574619636
761,0.5,761,495871.7501456012,1731.7900594897478,6364.6882016511445,1169.8241175180326
761,0.75,761,528203.9294258689,1889.4299772372851,8345.534944772866,1464.8732775741016
761,0.95,761,574719.0600430948,2116.2207945513096,11195.307123453276,1889.3497751075283
762,0.05,762,414440.2564644484,1331.057036759105,1484.6253527368926,400.6649149851344
762,0.25,762,461894.48447775096,1566.029773537129,4529.084744009856,825.181071099146
762,0.5,762,494879.4205055261,1729.356857663788,6645.256526051012,1120.257797418503
762,0.75,762,527864.3565333012,1892.6839417904475,8761.428308092169,1415.33452373786
762,0.95,762,575318.5845466037,2127.6566785684713,11805.887699365134,1839.8506798518708
763,0.05,763,387949.0565072517,1349.362098337506,288.08272014347676,58.148942959325495
763,0.25,763,440192.88945751684,1617.4635969763124,4641.3192088950445,815.187559726822
763,0.5,763,476507.029627012,1803.8181359032258,7667.208220407232,1341.397159799365
763,0.75,763,512821.16979650717,1990.172674830139,10693.097231919424,1867.6067598719078
763,0.95,763,565065.002746772,2258.2741734689453,15046.33372067098,2624.645376639401
764,0.05,764,417024.44024810777,1347.359324428186,1534.0692798490127,450.298459928537
764,0.25,764,463539.57086533355,1574.1501417422105,4383.841458529416,874.7749574619636
764,0.5,764,495871.7501456012,1731.7900594897478,6364.6882016511445,1169.8241175180326
764,0.75,764,528203.9294258689,1889.4299772372851,8345.534944772866,1464.8732775741016
764,0.95,764,574719.0600430948,2116.2207945513096,11195.307123453276,1889.3497751075283
765,0.05,765,394987.38244735944,1315.2600361206341,433.8766486018885,209.13596336405658
765,0.25,765,447751.2281545638,1593.7493360700469,4484.311810179253,801.6337005419958
765,0.5,765,484426.82373571297,1787.3243267047308,7299.726796001547,1213.4726614863669
765,0.75,765,521102.4193168621,1980.899317339415,10115.141781823839,1625.3116224307378
765,0.95,765,573866.2650240663,2259.388617288826,14165.57694340119,2217.809359608677
766,0.05,766,387385.89222942904,1354.2486100092503,318.9192595273598,28.170162665450107
766,0.25,766,439337.039521631,1618.5698185217161,4708.10559499465,809.8039104275651
766,0.5,766,475447.7369609074,1802.2967174425842,7758.982967792463,1353.1093280155628
766,0.75,766,511558.4344001838,1986.0236163634518,10809.860340590272,1896.4147456035591
766,0.95,766,563509.5816923858,2250.344824875917,15199.046676057578,2678.0484933656753
767,0.05,767,406901.521875444,1303.1445015077386,1097.175454157853,301.4259205906683
767,0.25,767,457238.3303713505,1561.9741034103752,4633.431236769414,763.4048304286771
767,0.5,767,492226.91785009747,1741.8838441917367,7091.445530766444,1084.521523822493
767,0.75,767,527215.5053288444,1921.7935849730984,9549.459824763473,1405.6382172163092
767,0.95,767,577552.3138247511,2180.6231868757336,13085.715607375034,1867.617127054315
768,0.05,768,415761.77208649233,1340.0199150224198,1519.372320588187,427.57079638362586
768,0.25,768,462665.11444879835,1570.3948106050673,4458.616373489609,850.8907135022902
768,0.5,768,495267.13564016187,1730.5259835549,6501.654077691525,1145.135946646278
768,0.75,768,527869.1568315255,1890.657156504733,8544.69178189344,1439.3811797902654
768,0.95,768,574772.4991938312,2121.032052087379,11483.935834794864,1862.7010969089297
769,0.05,769,420243.95239747385,1357.7748811369238,1516.951891469118,487.2555880102101
769,0.25,769,466407.36759458366,1579.2434085716222,4200.868625915364,921.442216577875
769,0.5,769,498495.0731763378,1733.1838584626469,6066.430989816154,1223.240786842365
769,0.75,769,530582.778758092,1887.124308353672,7931.993353716955,1525.039357106854
769,0.95,769,576746.1939552019,2108.5928357883695,10615.910088163193,1959.2259856745197
770,0.05,770,412289.81470172346,1318.167715473965,1393.676259871735,361.2100882650782
770,0.25,770,460708.2898180913,1560.9462317274297,4604.870762168183,792.3384411691283
770,0.5,770,494363.46389084443,1729.6990312734215,6836.938370586525,1092.011236105624
770,0.75,770,528018.6379635974,1898.4518308194129,9069.005979004869,1391.6840310421196
770,0.95,770,576437.1130799651,2141.230347072877,12280.200481301308,1822.8123839461696
771,0.05,771,420243.95239747385,1357.7748811369238,1516.951891469118,487.2555880102101
771,0.25,771,466407.36759458366,1579.2434085716222,4200.868625915364,921.442216577875
771,0.5,771,498495.0731763378,1733.1838584626469,6066.430989816154,1223.240786842365
771,0.75,771,530582.778758092,1887.124308353672,7931.993353716955,1525.039357106854
771,0.95,771,576746.1939552019,2108.5928357883695,10615.910088163193,1959.2259856745197
772,0.05,772,417024.44024810777,1347.359324428186,1534.0692798490127,450.298459928537
772,0.25,772,463539.57086533355,1574.1501417422105,4383.841458529416,874.7749574619636
772,0.5,772,495871.7501456012,1731.7900594897478,6364.6882016511445,1169.8241175180326
772,0.75,772,528203.9294258689,1889.4299772372851,8345.534944772866,1464.8732775741016
772,0.95,772,574719.0600430948,2116.2207945513096,11195.307123453276,1889.3497751075283
773,0.05,773,422382.69267882465,1359.432160839272,1484.4814148698051,498.09784893558333
773,0.25,773,468665.11859501863,1579.4806896507523,4095.08147151876,941.561080615819
773,0.5,773,500835.5472790117,1732.4341133966411,5909.6821818818735,1249.8077203787188
773,0.75,773,533005.9759630047,1885.3875371425297,7724.282892244978,1558.0543601416189
773,0.95,773,579288.4018791986,2105.436065954009,10334.882948893932,2001.5175918218554
774,0.05,774,420243.95239747385,1357.7748811369238,1516.951891469118,487.2555880102101
774,0.25,774,466407.36759458366,1579.2434085716222,4200.868625915364,921.442216577875
774,0.5,774,498495.0731763378,1733.1838584626469,6066.430989816154,1223.240786842365
774,0.75,774,530582.778758092,1887.124308353672,7931.993353716955,1525.039357106854
774,0.95,774,576746.1939552019,2108.5928357883695,10615.910088163193,1959.2259856745197
775,0.05,775,408321.7364030773,1305.3530884748925,1179.8905466720435,313.79319738733943
775,0.25,775,458210.61693576846,1560.3799277367445,4639.746080980705,766.0204603853362
775,0.5,775,492887.8543867038,1737.6464081030401,7044.655363932769,1080.3588863697037
775,0.75,775,527565.0918376392,1914.9128884693362,9449.56464688483,1394.6973123540704
775,0.95,775,577453.9723703301,2169.9397277311873,12909.420181193489,1846.924575352069
776,0.05,776,420243.95239747385,1357.7748811369238,1516.951891469118,487.2555880102101
776,0.25,776,466407.36759458366,1579.2434085716222,4200.868625915364,921.442216577875
776,0.5,776,498495.0731763378,1733.1838584626469,6066.430989816154,1223.240786842365
776,0.75,776,530582.778758092,1887.124308353672,7931.993353716955,1525.039357106854
776,0.95,776,576746.1939552019,2108.5928357883695,10615.910088163193,1959.2259856745197
777,0.05,777,394024.14110592875,1318.3618280006012,391.7455534558794,197.84119591634567
777,0.25,777,446861.131539188,1597.1239727391073,4479.408535842726,806.1905296787806
777,0.5,777,483587.56925202295,1790.8886149241496,7320.700189335379,1229.0477691025976
777,0.75,777,520314.0069648578,1984.6532571091916,10161.991842828027,1651.9050085264153
777,0.95,777,573150.9973981172,2263.4154018476984,14249.65482521486,2260.2543422888502
778,0.05,778,392506.29989013873,1324.0082122181739,333.5219725007619,176.6526432855053
778,0.25,778,445399.5377151441,1602.514803648443,4480.511096932811,812.7131124427881
778,0.5,778,482165.0723998643,1796.1018134100575,7363.039729343085,1254.8320713492176
778,0.75,778,518930.60708458454,1989.688823171672,10245.568361753356,1696.9510302556473
778,0.95,778,571823.84490959,2268.1954146019407,14392.557486185404,2333.0114994129326
779,0.05,779,417024.44024810777,1347.359324428186,1534.0692798490127,450.298459928537
779,0.25,779,463539.57086533355,1574.1501417422105,4383.841458529416,874.7749574619636
779,0.5,779,495871.7501456012,1731.7900594897478,6364.6882016511445,1169.8241175180326
779,0.75,779,528203.9294258689,1889.4299772372851,8345.534944772866,1464.8732775741016
779,0.95,779,574719.0600430948,2116.2207945513096,11195.307123453276,1889.3497751075283
780,0.05,780,418487.96846645797,1353.5149179582743,1533.4237542566407,470.7424343953063
780,0.25,780,464742.8316266367,1577.2834422403603,4297.545042952621,898.7297984963437
780,0.5,780,496894.10172809707,1732.822595809673,6218.856751049299,1196.2193250694324
780,0.75,780,529045.3718295575,1888.3617493789857,8140.168459145987,1493.708851642521
780,0.95,780,575300.2349897362,2112.130273661071,10904.289747841967,1921.6962157435582
781,0.05,781,417024.44024810777,1347.359324428186,1534.0692798490127,450.298459928537
781,0.25,781,463539.57086533355,1574.1501417422105,4383.841458529416,874.7749574619636
781,0.5,781,495871.7501456012,1731.7900594897478,6364.6882016511445,1169.8241175180326
781,0.75,781,528203.9294258689,1889.4299772372851,8345.534944772866,1464.8732775741016
781,0.95,781,574719.0600430948,2116.2207945513096,11195.307123453276,1889.3497751075283
782,0.05,782,411026.8894633166,1312.803914677102,1329.8262280650506,343.344179901066
782,0.25,782,459953.4774894261,1559.7658307340284,4627.104570068522,780.1235509997413
782,0.5,782,493961.83551489253,1731.4264675934241,6919.00815232181,1083.7243093958741
782,0.75,782,527970.1935403591,1903.0871044528194,9210.911734575098,1387.3250677920064
782,0.95,782,576896.7815664683,2150.049020509748,12508.190076578572,1824.1044388906826
783,0.05,783,422382.69267882465,1359.432160839272,1484.4814148698051,498.09784893558333
783,0.25,783,468665.11859501863,1579.4806896507523,4095.08147151876,941.561080615819
783,0.5,783,500835.5472790117,1732.4341133966411,5909.6821818818735,1249.8077203787188
783,0.75,783,533005.9759630047,1885.3875371425297,7724.282892244978,1558.0543601416189
783,0.95,783,579288.4018791986,2105.436065954009,10334.882948893932,2001.5175918218554
784,0.05,784,418487.96846645797,1353.5149179582743,1533.4237542566407,470.7424343953063
784,0.25,784,464742.8316266367,1577.2834422403603,4297.545042952621,898.7297984963437
784,0.5,784,496894.10172809707,1732.822595809673,6218.856751049299,1196.2193250694324
784,0.75,784,529045.3718295575,1888.3617493789857,8140.168459145987,1493.708851642521
784,0.95,784,575300.2349897362,2112.130273661071,10904.289747841967,1921.6962157435582
785,0.05,785,422382.69267882465,1359.432160839272,1484.4814148698051,498.09784893558333
785,0.25,785,468665.11859501863,1579.4806896507523,4095.08147151876,941.561080615819
785,0.5,785,500835.5472790117,1732.4341133966411,5909.6821818818735,1249.8077203787188
785,0.75,785,533005.9759630047,1885.3875371425297,7724.282892244978,1558.0543601416189
785,0.95,785,579288.4018791986,2105.436065954009,10334.882948893932,2001.5175918218554
786,0.05,786,436778.5852583622,1323.6572127561676,1187.921384343298,440.5257997644244
786,0.25,786,486762.1016873989,1550.6978277823532,3597.028392483493,965.7913578970064
786,0.5,786,521505.11955701536,1708.5113772988707,5271.5733987850035,1330.8979365508592
786,0.75,786,556248.1374266318,1866.324926815388,6946.1184050865195,1696.0045152047123
786,0.95,786,606231.6538556684,2093.3655418415733,9355.225413226717,2221.270073337292
787,0.05,787,405450.59637637896,1301.867657300006,1011.431813442292,290.1910283366926
787,0.25,787,456209.1932916797,1564.29345796051,4620.832213048364,763.2540243555147
787,0.5,787,491490.9614755701,1746.7028787690808,7129.688562924248,1092.075149765337
787,0.75,787,526772.7296594606,1929.1122995776523,9638.544912800127,1420.89627517516
787,0.95,787,577531.3265747614,2191.538100238156,13247.945312406195,1893.959271193985
788,0.05,788,389563.8967505007,1338.3611338157039,267.59820789414425,115.65682025629258
788,0.25,788,442258.33658260904,1612.7492680627156,4538.1976813162355,819.7171563227955
788,0.5,788,478885.68886814814,1803.4735814448893,7506.646570456089,1309.1021092997432
788,0.75,788,515513.04115368717,1994.1978948270628,10475.095459595936,1798.4870622766907
788,0.95,788,568207.4809857955,2268.5860290740748,14745.694933018025,2502.547398343194
789,0.05,789,418487.96846645797,1353.5149179582743,1533.4237542566407,470.7424343953063
789,0.25,789,464742.8316266367,1577.2834422403603,4297.545042952621,898.7297984963437
789,0.5,789,496894.10172809707,1732.822595809673,6218.856751049299,1196.2193250694324
789,0.75,789,529045.3718295575,1888.3617493789857,8140.168459145987,1493.708851642521
789,0.95,789,575300.2349897362,2112.130273661071,10904.289747841967,1921.6962157435582
790,0.05,790,422382.69267882465,1359.432160839272,1484.4814148698051,498.09784893558333
790,0.25,790,468665.11859501863,1579.4806896507523,4095.08147151876,941.561080615819
790,0.5,790,500835.5472790117,1732.4341133966411,5909.6821818818735,1249.8077203787188
790,0.75,790,533005.9759630047,1885.3875371425297,7724.282892244978,1558.0543601416189
790,0.95,790,579288.4018791986,2105.436065954009,10334.882948893932,2001.5175918218554
791,0.05,791,405450.59637637896,1301.867657300006,1011.431813442292,290.1910283366926
791,0.25,791,456209.1932916797,1564.29345796051,4620.832213048364,763.2540243555147
791,0.5,791,491490.9614755701,1746.7028787690808,7129.688562924248,1092.075149765337
791,0.75,791,526772.7296594606,1929.1122995776523,9638.544912800127,1420.89627517516
791,0.95,791,577531.3265747614,2191.538100238156,13247.945312406195,1893.959271193985
792,0.05,792,391616.710481061,1327.808073825816,305.48238735544874,161.6653494859761
792,0.25,792,444501.45752919506,1605.6786960668696,4488.1200118858005,815.8934216252734
792,0.5,792,481261.0903639924,1798.8236503173082,7395.427542709473,1270.6404907597657
792,0.75,792,518020.72319878975,1991.968604567746,10302.735073533146,1725.387559894258
792,0.95,792,570905.4702469234,2269.839226808799,14485.37269806349,2379.6156320335504
793,0.05,793,420243.95239747385,1357.7748811369238,1516.951891469118,487.2555880102101
793,0.25,793,466407.36759458366,1579.2434085716222,4200.868625915364,921.442216577875
793,0.5,793,498495.0731763378,1733.1838584626469,6066.430989816154,1223.240786842365
793,0.75,793,530582.778758092,1887.124308353672,7931.993353716955,1525.039357106854
793,0.95,793,576746.1939552019,2108.5928357883695,10615.910088163193,1959.2259856745197
794,0.05,794,424990.391003354,1357.7743047108033,1436.074964844227,501.3984154887595
794,0.25,794,471646.34363779926,1577.4437203808782,3981.5491740829602,957.6816523539959
794,0.5,794,504076.40682480705,1730.1336265596271,5750.881591176607,1274.8393432203818
794,0.75,794,536506.4700118147,1882.8235327383763,7520.214008270264,1591.997034086768
794,0.95,794,583162.4226462601,2102.4929484084505,10065.688217508965,2048.2802709520047
795,0.05,795,418487.96846645797,1353.5149179582743,1533.4237542566407,470.7424343953063
795,0.25,795,464742.8316266367,1577.2834422403603,4297.545042952621,898.7297984963437
795,0.5,795,496894.10172809707,1732.822595809673,6218.856751049299,1196.2193250694324
795,0.75,795,529045.3718295575,1888.3617493789857,8140.168459145987,1493.708851642521
795,0.95,795,575300.2349897362,2112.130273661071,10904.289747841967,1921.6962157435582
796,0.05,796,418487.96846645797,1353.5149179582743,1533.4237542566407,470.7424343953063
796,0.25,796,464742.8316266367,1577.2834422403603,4297.545042952621,898.7297984963437
796,0.5,796,496894.10172809707,1732.822595809673,6218.856751049299,1196.2193250694324
796,0.75,796,529045.3718295575,1888.3617493789857,8140.168459145987,1493.708851642521
796,0.95,796,575300.2349897362,2112.130273661071,10904.289747841967,1921.6962157435582
797,0.05,797,418487.96846645797,1353.5149179582743,1533.4237542566407,470.7424343953063
797,0.25,797,464742.8316266367,1577.2834422403603,4297.545042952621,898.7297984963437
797,0.5,797,496894.10172809707,1732.822595809673,6218.856751049299,1196.2193250694324
797,0.75,797,529045.3718295575,1888.3617493789857,8140.168459145987,1493.708851642521
797,0.95,797,575300.2349897362,2112.130273661071,10904.289747841967,1921.6962157435582
798,0.05,798,414609.16713694675,1332.2209294098898,1490.1823038449475,404.1435203858339
798,0.25,798,461987.31907622254,1566.573847439627,4520.878196611619,828.3642302096047
798,0.5,798,494919.3754230908,1729.470102057158,6627.483115240285,1123.2355949122793
798,0.75,798,527851.431769959,1892.3663566746893,8734.088033868951,1418.1069596149537
798,0.95,798,575229.5837092348,2126.7192747044273,11764.783926635619,1842.3276694387248
799,0.05,799,411026.8894633166,1312.803914677102,1329.8262280650506,343.344179901066
799,0.25,799,459953.4774894261,1559.7658307340284,4627.104570068522,780.1235509997413
799,0.5,799,493961.83551489253,1731.4264675934241,6919.00815232181,1083.7243093958741
799,0.75,799,527970.1935403591,1903.0871044528194,9210.911734575098,1387.3250677920064
799,0.95,799,576896.7815664683,2150.049020509748,12508.190076578572,1824.1044388906826
800,0.05,800,417024.44024810777,1347.359324428186,1534.0692798490127,450.298459928537
800,0.25,800,463539.57086533355,1574.1501417422105,4383.841458529416,874.7749574619636
800,0.5,800,495871.7501456012,1731.7900594897478,6364.6882016511445,1169.8241175180326
800,0.75,800,528203.9294258689,1889.4299772372851,8345.534944772866,1464.8732775741016
800,0.95,800,574719.0600430948,2116.2207945513096,11195.307123453276,1889.3497751075283
801,0.05,801,417024.44024810777,1347.359324428186,1534.0692798490127,450.298459928537
801,0.25,801,463539.57086533355,1574.1501417422105,4383.841458529416,874.7749574619636
801,0.5,801,495871.7501456012,1731.7900594897478,6364.6882016511445,1169.8241175180326
801,0.75,801,528203.9294258689,1889.4299772372851,8345.534944772866,1464.8732775741016
801,0.95,801,574719.0600430948,2116.2207945513096,11195.307123453276,1889.3497751075283
802,0.05,802,411026.8894633166,1312.803914677102,1329.8262280650506,343.344179901066
802,0.25,802,459953.4774894261,1559.7658307340284,4627.104570068522,780.1235509997413
802,0.5,802,493961.83551489253,1731.4264675934241,6919.00815232181,1083.7243093958741
802,0.75,802,527970.1935403591,1903.0871044528194,9210.911734575098,1387.3250677920064
802,0.95,802,576896.7815664683,2150.049020509748,12508.190076578572,1824.1044388906826
803,0.05,803,422382.69267882465,1359.432160839272,1484.4814148698051,498.09784893558333
803,0.25,803,468665.11859501863,1579.4806896507523,4095.08147151876,941.561080615819
803,0.5,803,500835.5472790117,1732.4341133966411,5909.6821818818735,1249.8077203787188
803,0.75,803,533005.9759630047,1885.3875371425297,7724.282892244978,1558.0543601416189
803,0.95,803,579288.4018791986,2105.436065954009,10334.882948893932,2001.5175918218554
804,0.05,804,412289.81470172346,1318.167715473965,1393.676259871735,361.2100882650782
804,0.25,804,460708.2898180913,1560.9462317274297,4604.870762168183,792.3384411691283
804,0.5,804,494363.46389084443,1729.6990312734215,6836.938370586525,1092.011236105624
804,0.75,804,528018.6379635974,1898.4518308194129,9069.005979004869,1391.6840310421196
804,0.95,804,576437.1130799651,2141.230347072877,12280.200481301308,1822.8123839461696
805,0.05,805,398109.29440605047,1307.4539883883972,589.3315117989832,238.28142412171678
805,0.25,805,450481.96909637743,1583.3121932065167,4518.084568791544,786.4215187835498
805,0.5,805,486885.66580765136,1775.0583372194756,7248.919600340225,1167.4279477915388
805,0.75,805,523289.3625189253,1966.8044812324351,9979.754631888909,1548.4343767995276
805,0.95,805,575662.0372092522,2242.662686050554,13908.50768888147,2096.5744714613643
806,0.05,806,411026.8894633166,1312.803914677102,1329.8262280650506,343.344179901066
806,0.25,806,459953.4774894261,1559.7658307340284,4627.104570068522,780.1235509997413
806,0.5,806,493961.83551489253,1731.4264675934241,6919.00815232181,1083.7243093958741
806,0.75,806,527970.1935403591,1903.0871044528194,9210.911734575098,1387.3250677920064
806,0.95,806,576896.7815664683,2150.049020509748,12508.190076578572,1824.1044388906826
807,0.05,807,418487.96846645797,1353.5149179582743,1533.4237542566407,470.7424343953063
807,0.25,807,464742.8316266367,1577.2834422403603,4297.545042952621,898.7297984963437
807,0.5,807,496894.10172809707,1732.822595809673,6218.856751049299,1196.2193250694324
807,0.75,807,529045.3718295575,1888.3617493789857,8140.168459145987,1493.708851642521
807,0.95,807,575300.2349897362,2112.130273661071,10904.289747841967,1921.6962157435582
808,0.05,808,417024.44024810777,1347.359324428186,1534.0692798490127,450.298459928537
808,0.25,808,463539.57086533355,1574.1501417422105,4383.841458529416,874.7749574619636
808,0.5,808,495871.7501456012,1731.7900594897478,6364.6882016511445,1169.8241175180326
808,0.75,808,528203.9294258689,1889.4299772372851,8345.534944772866,1464.8732775741016
808,0.95,808,574719.0600430948,2116.2207945513096,11195.307123453276,1889.3497751075283
809,0.05,809,418487.96846645797,1353.5149179582743,1533.4237542566407,470.7424343953063
809,0.25,809,464742.8316266367,1577.2834422403603,4297.545042952621,898.7297984963437
809,0.5,809,496894.10172809707,1732.822595809673,6218.856751049299,1196.2193250694324
809,0.75,809,529045.3718295575,1888.3617493789857,8140.168459145987,1493.708851642521
809,0.95,809,575300.2349897362,2112.130273661071,10904.289747841967,1921.6962157435582
810,0.05,810,418487.96846645797,1353.5149179582743,1533.4237542566407,470.7424343953063
810,0.25,810,464742.8316266367,1577.2834422403603,4297.545042952621,898.7297984963437
810,0.5,810,496894.10172809707,1732.822595809673,6218.856751049299,1196.2193250694324
810,0.75,810,529045.3718295575,1888.3617493789857,8140.168459145987,1493.708851642521
810,0.95,810,575300.2349897362,2112.130273661071,10904.289747841967,1921.6962157435582
811,0.05,811,387949.0565072517,1349.362098337506,288.08272014347676,58.148942959325495
811,0.25,811,440192.88945751684,1617.4635969763124,4641.3192088950445,815.187559726822
811,0.5,811,476507.029627012,1803.8181359032258,7667.208220407232,1341.397159799365
811,0.75,811,512821.16979650717,1990.172674830139,10693.097231919424,1867.6067598719078
811,0.95,811,565065.002746772,2258.2741734689453,15046.33372067098,2624.645376639401
812,0.05,812,417024.44024810777,1347.359324428186,1534.0692798490127,450.298459928537
812,0.25,812,463539.57086533355,1574.1501417422105,4383.841458529416,874.7749574619636
812,0.5,812,495871.7501456012,1731.7900594897478,6364.6882016511445,1169.8241175180326
812,0.75,812,528203.9294258689,1889.4299772372851,8345.534944772866,1464.8732775741016
812,0.95,812,574719.0600430948,2116.2207945513096,11195.307123453276,1889.3497751075283
813,0.05,813,417024.44024810777,1347.359324428186,1534.0692798490127,450.298459928537
813,0.25,813,463539.57086533355,1574.1501417422105,4383.841458529416,874.7749574619636
813,0.5,813,495871.7501456012,1731.7900594897478,6364.6882016511445,1169.8241175180326
813,0.75,813,528203.9294258689,1889.4299772372851,8345.534944772866,1464.8732775741016
813,0.95,813,574719.0600430948,2116.2207945513096,11195.307123453276,1889.3497751075283
814,0.05,814,418487.96846645797,1353.5149179582743,1533.4237542566407,470.7424343953063
814,0.25,814,464742.8316266367,1577.2834422403603,4297.545042952621,898.7297984963437
814,0.5,814,496894.10172809707,1732.822595809673,6218.856751049299,1196.2193250694324
814,0.75,814,529045.3718295575,1888.3617493789857,8140.168459145987,1493.708851642521
814,0.95,814,575300.2349897362,2112.130273661071,10904.289747841967,1921.6962157435582
815,0.05,815,388696.7594939785,1343.8523019057538,269.9334518783935,88.42819174446004
815,0.25,815,441199.68188812444,1615.4577207101647,4582.403616269194,818.6444865972633
815,0.5,815,477693.9124118339,1804.2477977829424,7579.956383416595,1326.2101721122963
815,0.75,815,514188.1429355434,1993.0378748557193,10577.509150563996,1833.7758576273316
815,0.95,815,566691.0653296891,2264.64329366013,14889.979314954784,2563.992152480134
816,0.05,816,413478.02858190535,1324.7041452611556,1447.7416153957593,381.561137194995
816,0.25,816,461374.94359134434,1563.2508425009723,4569.796473453767,808.4664445162964
816,0.5,816,494667.5867056997,1729.0621490485503,6739.904050367259,1105.2038447741497
816,0.75,816,527960.2298200551,1894.8734555961285,8910.01162728074,1401.9412450320021
816,0.95,816,575857.144829494,2133.420152835946,12032.066485338748,1828.8465523533027
817,0.05,817,417024.44024810777,1347.359324428186,1534.0692798490127,450.298459928537
817,0.25,817,463539.57086533355,1574.1501417422105,4383.841458529416,874.7749574619636
817,0.5,817,495871.7501456012,1731.7900594897478,6364.6882016511445,1169.8241175180326
817,0.75,817,528203.9294258689,1889.4299772372851,8345.534944772866,1464.8732775741016
817,0.95,817,574719.0600430948,2116.2207945513096,11195.307123453276,1889.3497751075283
818,0.05,818,418487.96846645797,1353.5149179582743,1533.4237542566407,470.7424343953063
818,0.25,818,464742.8316266367,1577.2834422403603,4297.545042952621,898.7297984963437
818,0.5,818,496894.10172809707,1732.822595809673,6218.856751049299,1196.2193250694324
818,0.75,818,529045.3718295575,1888.3617493789857,8140.168459145987,1493.708851642521
818,0.95,818,575300.2349897362,2112.130273661071,10904.289747841967,1921.6962157435582
819,0.05,819,422382.69267882465,1359.432160839272,1484.4814148698051,498.09784893558333
819,0.25,819,468665.11859501863,1579.4806896507523,4095.08147151876,941.561080615819
819,0.5,819,500835.5472790117,1732.4341133966411,5909.6821818818735,1249.8077203787188
819,0.75,819,533005.9759630047,1885.3875371425297,7724.282892244978,1558.0543601416189
819,0.95,819,579288.4018791986,2105.436065954009,10334.882948893932,2001.5175918218554
820,0.05,820,386497.37456487236,1364.7590608105136,445.78521831677244,-50.98920303154296
820,0.25,820,437557.771766348,1618.1505731130883,4916.622803778212,788.6675013644056
820,0.5,820,473049.3181628318,1794.2803548669633,8024.255103805886,1372.3040673628875
820,0.75,820,508540.8645593156,1970.4101366208386,11131.887403833558,1955.9406333613688
820,0.95,820,559601.2617607911,2223.8016489234133,15602.724989294977,2795.597337757321
821,0.05,821,402499.3008393384,1301.8772688204363,836.9341693955603,269.66378015953705
821,0.25,821,454011.3421592276,1570.7116495846208,4583.063501063018,768.8550324435123
821,0.5,821,489816.8216440133,1757.5756071878793,7186.958697128248,1115.8376346596096
821,0.75,821,525622.3011287991,1944.4395647911376,9790.853893193482,1462.8202368757075
821,0.95,821,577134.342448688,2213.2739455553215,13536.983224860942,1962.0114891596804
822,0.05,822,418487.96846645797,1353.5149179582743,1533.4237542566407,470.7424343953063
822,0.25,822,464742.8316266367,1577.2834422403603,4297.545042952621,898.7297984963437
822,0.5,822,496894.10172809707,1732.822595809673,6218.856751049299,1196.2193250694324
822,0.75,822,529045.3718295575,1888.3617493789857,8140.168459145987,1493.708851642521
822,0.95,822,575300.2349897362,2112.130273661071,10904.289747841967,1921.6962157435582
823,0.05,823,418487.96846645797,1353.5149179582743,1533.4237542566407,470.7424343953063
823,0.25,823,464742.8316266367,1577.2834422403603,4297.545042952621,898.7297984963437
823,0.5,823,496894.10172809707,1732.822595809673,6218.856751049299,1196.2193250694324
823,0.75,823,529045.3718295575,1888.3617493789857,8140.168459145987,1493.708851642521
823,0.95,823,575300.2349897362,2112.130273661071,10904.289747841967,1921.6962157435582
824,0.05,824,418487.96846645797,1353.5149179582743,1533.4237542566407,470.7424343953063
824,0.25,824,464742.8316266367,1577.2834422403603,4297.545042952621,898.7297984963437
824,0.5,824,496894.10172809707,1732.822595809673,6218.856751049299,1196.2193250694324
824,0.75,824,529045.3718295575,1888.3617493789857,8140.168459145987,1493.708851642521
824,0.95,824,575300.2349897362,2112.130273661071,10904.289747841967,1921.6962157435582
825,0.05,825,415761.77208649233,1340.0199150224198,1519.372320588187,427.57079638362586
825,0.25,825,462665.11444879835,1570.3948106050673,4458.616373489609,850.8907135022902
825,0.5,825,495267.13564016187,1730.5259835549,6501.654077691525,1145.135946646278
825,0.75,825,527869.1568315255,1890.657156504733,8544.69178189344,1439.3811797902654
825,0.95,825,574772.4991938312,2121.032052087379,11483.935834794864,1862.7010969089297
826,0.05,826,418487.96846645797,1353.5149179582743,1533.4237542566407,470.7424343953063
826,0.25,826,464742.8316266367,1577.2834422403603,4297.545042952621,898.7297984963437
826,0.5,826,496894.10172809707,1732.822595809673,6218.856751049299,1196.2193250694324
826,0.75,826,529045.3718295575,1888.3617493789857,8140.168459145987,1493.708851642521
826,0.95,826,575300.2349897362,2112.130273661071,10904.289747841967,1921.6962157435582
827,0.05,827,373904.57989738346,1247.4591389166035,2904.4098912491763,-604.8168382843596
827,0.25,827,417137.96319875127,1423.060213827356,8990.943361606724,1179.9363100195417
827,0.5,827,447189.03435009613,1545.1186786856606,13221.628920212304,2420.4994987341825
827,0.75,827,477240.1055014409,1667.1771435439653,17452.31447881785,3661.062687448818
827,0.95,827,520473.4888028087,1842.7782184547168,23538.847949175397,5445.815835752713
828,0.05,828,415761.77208649233,1340.0199150224198,1519.372320588187,427.57079638362586
828,0.25,828,462665.11444879835,1570.3948106050673,4458.616373489609,850.8907135022902
828,0.5,828,495267.13564016187,1730.5259835549,6501.654077691525,1145.135946646278
828,0.75,828,527869.1568315255,1890.657156504733,8544.69178189344,1439.3811797902654
828,0.95,828,574772.4991938312,2121.032052087379,11483.935834794864,1862.7010969089297
829,0.05,829,385796.7525909168,1378.64991922242,1009.4968816969013,-271.8838848851335
829,0.25,829,433942.6581919509,1599.1106670886395,5692.359332153053,719.3099431806595
829,0.5,829,467408.37205424823,1752.3506199746967,8947.367891387561,1408.2783739959377
829,0.75,829,500874.08591654565,1905.5905728607534,12202.376450622072,2097.2468048112164
829,0.95,829,549019.9915175796,2126.051320726973,16885.238901078206,3088.440632877005
830,0.05,830,389563.8967505007,1338.3611338157039,267.59820789414425,115.65682025629258
830,0.25,830,442258.33658260904,1612.7492680627156,4538.1976813162355,819.7171563227955
830,0.5,830,478885.68886814814,1803.4735814448893,7506.646570456089,1309.1021092997432
830,0.75,830,515513.04115368717,1994.1978948270628,10475.095459595936,1798.4870622766907
830,0.95,830,568207.4809857955,2268.5860290740748,14745.694933018025,2502.547398343194
831,0.05,831,418487.96846645797,1353.5149179582743,1533.4237542566407,470.7424343953063
831,0.25,831,464742.8316266367,1577.2834422403603,4297.545042952621,898.7297984963437
831,0.5,831,496894.10172809707,1732.822595809673,6218.856751049299,1196.2193250694324
831,0.75,831,529045.3718295575,1888.3617493789857,8140.168459145987,1493.708851642521
831,0.95,831,575300.2349897362,2112.130273661071,10904.289747841967,1921.6962157435582
832,0.05,832,418487.96846645797,1353.5149179582743,1533.4237542566407,470.7424343953063
832,0.25,832,464742.8316266367,1577.2834422403603,4297.545042952621,898.7297984963437
832,0.5,832,496894.10172809707,1732.822595809673,6218.856751049299,1196.2193250694324
832,0.75,832,529045.3718295575,1888.3617493789857,8140.168459145987,1493.708851642521
832,0.95,832,575300.2349897362,2112.130273661071,10904.289747841967,1921.6962157435582
833,0.05,833,420243.95239747385,1357.7748811369238,1516.951891469118,487.2555880102101
833,0.25,833,466407.36759458366,1579.2434085716222,4200.868625915364,921.442216577875
833,0.5,833,498495.0731763378,1733.1838584626469,6066.430989816154,1223.240786842365
833,0.75,833,530582.778758092,1887.124308353672,7931.993353716955,1525.039357106854
833,0.95,833,576746.1939552019,2108.5928357883695,10615.910088163193,1959.2259856745197
834,0.05,834,418487.96846645797,1353.5149179582743,1533.4237542566407,470.7424343953063
834,0.25,834,464742.8316266367,1577.2834422403603,4297.545042952621,898.7297984963437
834,0.5,834,496894.10172809707,1732.822595809673,6218.856751049299,1196.2193250694324
834,0.75,834,529045.3718295575,1888.3617493789857,8140.168459145987,1493.708851642521
834,0.95,834,575300.2349897362,2112.130273661071,10904.289747841967,1921.6962157435582
835,0.05,835,400064.71777540504,1304.1939224198106,696.7496250901622,252.97712391381242
835,0.25,835,452094.17985737853,1577.3333144156122,4546.497107166366,777.6581310730974
835,0.5,835,488259.31308538833,1767.1896401601016,7222.416192474722,1142.3583944782092
835,0.75,835,524424.4463133981,1957.0459659045923,9898.33527778308,1507.0586578833206
835,0.95,835,576453.9083953715,2230.1853579003914,13748.082759859246,2031.7396650426058
836,0.05,836,413200.16413073026,1323.0263128367646,1435.75760338081,376.4365457124376
836,0.25,836,461223.23236685025,1562.5907684996791,4579.473597587297,804.2224546119896
836,0.5,836,494603.56326553953,1729.1095082493773,6764.637602980565,1101.5719517880846
836,0.75,836,527983.8941642287,1895.628247999076,8949.801608373833,1398.9214489641793
836,0.95,836,576006.9624003485,2135.19270366199,12093.517602580301,1826.7073578637298
837,0.05,837,406901.521875444,1303.1445015077386,1097.175454157853,301.4259205906683
837,0.25,837,457238.3303713505,1561.9741034103752,4633.431236769414,763.4048304286771
837,0.5,837,492226.91785009747,1741.8838441917367,7091.445530766444,1084.521523822493
837,0.75,837,527215.5053288444,1921.7935849730984,9549.459824763473,1405.6382172163092
837,0.95,837,577552.3138247511,2180.6231868757336,13085.715607375034,1867.617127054315
838,0.05,838,420243.95239747385,1357.7748811369238,1516.951891469118,487.2555880102101
838,0.25,838,466407.36759458366,1579.2434085716222,4200.868625915364,921.442216577875
838,0.5,838,498495.0731763378,1733.1838584626469,6066.430989816154,1223.240786842365
838,0.75,838,530582.778758092,1887.124308353672,7931.993353716955,1525.039357106854
838,0.95,838,576746.1939552019,2108.5928357883695,10615.910088163193,1959.2259856745197
839,0.05,839,384941.2591232019,1365.8254675758249,1761.311969200131,-473.6986453051486
839,0.25,839,430151.6474228302,1556.3199784734345,6730.957350117045,702.53103832417
839,0.5,839,461576.91400679125,1688.7307144322735,10185.305715542365,1520.1159510448485
839,0.75,839,493002.18059075234,1821.1414503911124,13639.654080967684,2337.700863765529
839,0.95,839,538212.5688903804,2011.6359612887215,18609.299461884595,3513.930547394837
840,0.05,840,386491.3485705246,1364.8516576770844,447.3666548047131,-51.80823805566547
840,0.25,840,437541.88335259166,1618.125371076979,4918.988666292244,788.4149373446128
840,0.5,840,473026.57448481594,1794.173272049484,8027.16621262089,1372.4452513950946
840,0.75,840,508511.2656170403,1970.2211730219888,11135.343758949532,1956.4755654455766
840,0.95,840,559561.8003991075,2223.494886421884,15606.965770437066,2796.6987408458544
841,0.05,841,403979.6358219689,1301.464306624925,924.1904356003488,279.7254698124593
841,0.25,841,455130.9509072686,1567.2388683166466,4603.524395178249,765.195326788074
841,0.5,841,490685.69337093696,1751.9759777846145,7160.990828885183,1102.6403310828418
841,0.75,841,526240.4358346055,1936.7130872525827,9718.457262592121,1440.0853353776083
841,0.95,841,577391.750919905,2202.487648944304,13397.79122217001,1925.555192353223
842,0.05,842,420243.95239747385,1357.7748811369238,1516.951891469118,487.2555880102101
842,0.25,842,466407.36759458366,1579.2434085716222,4200.868625915364,921.442216577875
842,0.5,842,498495.0731763378,1733.1838584626469,6066.430989816154,1223.240786842365
842,0.75,842,530582.778758092,1887.124308353672,7931.993353716955,1525.039357106854
842,0.95,842,576746.1939552019,2108.5928357883695,10615.910088163193,1959.2259856745197
843,0.05,843,418487.96846645797,1353.5149179582743,1533.4237542566407,470.7424343953063
843,0.25,843,464742.8316266367,1577.2834422403603,4297.545042952621,898.7297984963437
843,0.5,843,496894.10172809707,1732.822595809673,6218.856751049299,1196.2193250694324
843,0.75,843,529045.3718295575,1888.3617493789857,8140.168459145987,1493.708851642521
843,0.95,843,575300.2349897362,2112.130273661071,10904.289747841967,1921.6962157435582
844,0.05,844,422382.69267882465,1359.432160839272,1484.4814148698051,498.09784893558333
844,0.25,844,468665.11859501863,1579.4806896507523,4095.08147151876,941.561080615819
844,0.5,844,500835.5472790117,1732.4341133966411,5909.6821818818735,1249.8077203787188
844,0.75,844,533005.9759630047,1885.3875371425297,7724.282892244978,1558.0543601416189
844,0.95,844,579288.4018791986,2105.436065954009,10334.882948893932,2001.5175918218554
845,0.05,845,414609.16713694675,1332.2209294098898,1490.1823038449475,404.1435203858339
845,0.25,845,461987.31907622254,1566.573847439627,4520.878196611619,828.3642302096047
845,0.5,845,494919.3754230908,1729.470102057158,6627.483115240285,1123.2355949122793
845,0.75,845,527851.431769959,1892.3663566746893,8734.088033868951,1418.1069596149537
845,0.95,845,575229.5837092348,2126.7192747044273,11764.783926635619,1842.3276694387248
846,0.05,846,412289.81470172346,1318.167715473965,1393.676259871735,361.2100882650782
846,0.25,846,460708.2898180913,1560.9462317274297,4604.870762168183,792.3384411691283
846,0.5,846,494363.46389084443,1729.6990312734215,6836.938370586525,1092.011236105624
846,0.75,846,528018.6379635974,1898.4518308194129,9069.005979004869,1391.6840310421196
846,0.95,846,576437.1130799651,2141.230347072877,12280.200481301308,1822.8123839461696
847,0.05,847,406699.9963915517,1302.9109967491838,1085.3180884438916,299.7931248123234
847,0.25,847,457097.496199928,1562.2574296715932,4632.009414635385,763.2438423646869
847,0.5,847,492128.2695732321,1742.5264142724866,7097.277345490698,1085.383573859338
847,0.75,847,527159.0429465362,1922.7953988733798,9562.545276346013,1407.523305353988
847,0.95,847,577556.5427549125,2182.1418317957887,13109.236602537505,1870.9740229063523
848,0.05,848,424990.391003354,1357.7743047108033,1436.074964844227,501.3984154887595
848,0.25,848,471646.34363779926,1577.4437203808782,3981.5491740829602,957.6816523539959
848,0.5,848,504076.40682480705,1730.1336265596271,5750.881591176607,1274.8393432203818
848,0.75,848,536506.4700118147,1882.8235327383763,7520.214008270264,1591.997034086768
848,0.95,848,583162.4226462601,2102.4929484084505,10065.688217508965,2048.2802709520047
849,0.05,849,385611.84333692386,1377.1613056102894,1299.5145048935137,-358.6117931103697
849,0.25,849,432523.0666174466,1584.6256961932359,6084.1573358527,701.0506729614232
849,0.5,849,465130.5657523804,1728.8320174824903,9409.91236974979,1437.6109357185005
849,0.75,849,497738.06488731434,1873.0383387717447,12735.66740364688,2174.1711984755793
849,0.95,849,544649.2881678372,2080.5027293546905,17520.310234606055,3233.8336645473687
850,0.05,850,412289.81470172346,1318.167715473965,1393.676259871735,361.2100882650782
850,0.25,850,460708.2898180913,1560.9462317274297,4604.870762168183,792.3384411691283
850,0.5,850,494363.46389084443,1729.6990312734215,6836.938370586525,1092.011236105624
850,0.75,850,528018.6379635974,1898.4518308194129,9069.005979004869,1391.6840310421196
850,0.95,850,576437.1130799651,2141.230347072877,12280.200481301308,1822.8123839461696
851,0.05,851,417024.44024810777,1347.359324428186,1534.0692798490127,450.298459928537
851,0.25,851,463539.57086533355,1574.1501417422105,4383.841458529416,874.7749574619636
851,0.5,851,495871.7501456012,1731.7900594897478,6364.6882016511445,1169.8241175180326
851,0.75,851,528203.9294258689,1889.4299772372851,8345.534944772866,1464.8732775741016
851,0.95,851,574719.0600430948,2116.2207945513096,11195.307123453276,1889.3497751075283
852,0.05,852,414609.16713694675,1332.2209294098898,1490.1823038449475,404.1435203858339
852,0.25,852,461987.31907622254,1566.573847439627,4520.878196611619,828.3642302096047
852,0.5,852,494919.3754230908,1729.470102057158,6627.483115240285,1123.2355949122793
852,0.75,852,527851.431769959,1892.3663566746893,8734.088033868951,1418.1069596149537
852,0.95,852,575229.5837092348,2126.7192747044273,11764.783926635619,1842.3276694387248
853,0.05,853,417024.44024810777,1347.359324428186,1534.0692798490127,450.298459928537
853,0.25,853,463539.57086533355,1574.1501417422105,4383.841458529416,874.7749574619636
853,0.5,853,495871.7501456012,1731.7900594897478,6364.6882016511445,1169.8241175180326
853,0.75,853,528203.9294258689,1889.4299772372851,8345.534944772866,1464.8732775741016
853,0.95,853,574719.0600430948,2116.2207945513096,11195.307123453276,1889.3497751075283
854,0.05,854,417024.44024810777,1347.359324428186,1534.0692798490127,450.298459928537
854,0.25,854,463539.57086533355,1574.1501417422105,4383.841458529416,874.7749574619636
854,0.5,854,495871.7501456012,1731.7900594897478,6364.6882016511445,1169.8241175180326
854,0.75,854,528203.9294258689,1889.4299772372851,8345.534944772866,1464.8732775741016
854,0.95,854,574719.0600430948,2116.2207945513096,11195.307123453276,1889.3497751075283
855,0.05,855,418487.96846645797,1353.5149179582743,1533.4237542566407,470.7424343953063
855,0.25,855,464742.8316266367,1577.2834422403603,4297.545042952621,898.7297984963437
855,0.5,855,496894.10172809707,1732.822595809673,6218.856751049299,1196.2193250694324
855,0.75,855,529045.3718295575,1888.3617493789857,8140.168459145987,1493.708851642521
855,0.95,855,575300.2349897362,2112.130273661071,10904.289747841967,1921.6962157435582
856,0.05,856,402736.34436889505,1301.7586671409063,850.8362951133058,271.26156816064565
856,0.25,856,454192.9401475728,1570.1246210641336,4586.485518737053,768.1694032832031
856,0.5,856,489959.8800183673,1756.662980084725,7183.096101652767,1113.564826186788
856,0.75,856,525726.8198891617,1943.201339105317,9779.706684568479,1458.9602490903728
856,0.95,856,577183.4156678396,2211.567293028543,13515.355908192229,1955.868084212931
857,0.05,857,387248.8098153439,1355.581798365753,330.0426663217595,19.37130454454359
857,0.25,857,439108.46881769976,1618.7468893618536,4729.117831945931,807.8980621823976
857,0.5,857,475155.57370654994,1801.670183126461,7786.868826837488,1355.9947386172603
857,0.75,857,511202.67859540024,1984.5934768910683,10844.619821729051,1904.0914150521257
857,0.95,857,563062.3375977561,2247.7585678871696,15243.694987353196,2692.618172689972
858,0.05,858,381659.28923798323,1322.0878338708978,2480.882375679409,-596.383421806918
858,0.25,858,424932.3599653661,1495.2239828076424,7885.862051592837,829.2161085382972
858,0.5,858,455011.0174301545,1615.569103482095,11642.806718176638,1820.135385456705
858,0.75,858,485089.674894943,1735.9142241565469,15399.751384760466,2811.0546623751097
858,0.95,858,528362.7456223256,1909.050373093292,20804.731060673854,4236.654192720335
859,0.05,859,420243.95239747385,1357.7748811369238,1516.951891469118,487.2555880102101
859,0.25,859,466407.36759458366,1579.2434085716222,4200.868625915364,921.442216577875
859,0.5,859,498495.0731763378,1733.1838584626469,6066.430989816154,1223.240786842365
859,0.75,859,530582.778758092,1887.124308353672,7931.993353716955,1525.039357106854
859,0.95,859,576746.1939552019,2108.5928357883695,10615.910088163193,1959.2259856745197
860,0.05,860,379217.9510917672,1296.0659214668985,2703.47816549062,-614.1328205649345
860,0.25,860,422191.6817297881,1467.3324542512992,8344.369605718084,938.6433749366604
860,0.5,860,452062.2710389763,1586.378024353265,12265.29406461706,2017.9618175360056
860,0.75,860,481932.86034816474,1705.4235944552306,16186.218523516018,3097.280260135354
860,0.95,860,524906.5909861854,1876.690127239631,21827.109963743493,4650.056455636941
861,0.05,861,385866.87574358925,1377.7099053942384,875.036928255432,-227.08281378168272
861,0.25,861,434634.5183822789,1604.9198555892126,5511.801040841844,731.9838759755337
861,0.5,861,468532.3951365196,1762.851108204981,8734.7671290621,1398.6210700132
861,0.75,861,502430.27189076034,1920.7823608207495,11957.733217282344,2065.2582640508676
861,0.95,861,551197.9145294499,2147.992311015724,16594.497329868762,3024.3249538080786
